state_family,sample,entropy
subset,0,9.208498036139297
subset,1,9.217094496643746
subset,2,9.214290115225939
subset,3,9.211032920254256
subset,4,9.214342304599516
subset,5,9.215251990667586
subset,6,9.217570520073618
subset,7,9.214346530431785
subset,8,9.218637054074375
subset,9,9.214066443354435
subset,10,9.213949524014149
subset,11,9.21566245869409
subset,12,9.216636051458362
subset,13,9.220297694405357
subset,14,9.216269893275639
subset,15,9.21226414190919
subset,16,9.212919435830635
subset,17,9.21219722786998
subset,18,9.211667088424077
subset,19,9.212169642209165
subset,20,9.208709091428409
subset,21,9.21026604418449
subset,22,9.214434569038119
subset,23,9.213592971621926
subset,24,9.213299883321
subset,25,9.213699645991497
subset,26,9.2207679138346
subset,27,9.21310016872184
subset,28,9.21256264051359
subset,29,9.218403103464825
subset,30,9.209694385204033
subset,31,9.217425086930902
subset,32,9.214424391584334
subset,33,9.213586841769244
subset,34,9.215874937475384
subset,35,9.21428943868338
subset,36,9.211213764940627
subset,37,9.214491018863457
subset,38,9.21568600869383
subset,39,9.21454791882058
subset,40,9.215253371288322
subset,41,9.216662312425171
subset,42,9.218913903721937
subset,43,9.215754519807378
subset,44,9.210832173177131
subset,45,9.212322453157364
subset,46,9.214881950581093
subset,47,9.220635710883155
subset,48,9.210125508308364
subset,49,9.215098350598455
subset,50,9.214048405735273
subset,51,9.218189051180794
subset,52,9.21204429188924
subset,53,9.217690913140236
subset,54,9.216005348446135
subset,55,9.219540240827484
subset,56,9.214878613173934
subset,57,9.214403606885217
subset,58,9.217212273622968
subset,59,9.214816519458232
subset,60,9.210839429827603
subset,61,9.211931126206586
subset,62,9.215541665910678
subset,63,9.21515971851061
subset,64,9.216248717014178
subset,65,9.21682626489565
subset,66,9.214287733032636
subset,67,9.211492005990552
subset,68,9.21815359431356
subset,69,9.217001363069942
subset,70,9.216454408185685
subset,71,9.216002276438717
subset,72,9.212632529692273
subset,73,9.216383694340195
subset,74,9.209445018402318
subset,75,9.218142813480735
subset,76,9.215336982517513
subset,77,9.210262559572818
subset,78,9.210476977499004
subset,79,9.218927894160528
subset,80,9.212831027341151
subset,81,9.214055905090243
subset,82,9.219677093431393
subset,83,9.21206359634687
subset,84,9.215080896428756
subset,85,9.214912572149222
subset,86,9.218442950005434
subset,87,9.21918754908495
subset,88,9.215285591935297
subset,89,9.216326075617763
subset,90,9.211266404807184
subset,91,9.213339538005588
subset,92,9.215194378970295
subset,93,9.21798265028305
subset,94,9.213641572439144
subset,95,9.21793588185097
subset,96,9.217964711930069
subset,97,9.217066435478458
subset,98,9.213712218745957
subset,99,9.215624292432908
subset,100,9.211380708830227
subset,101,9.213838027546116
subset,102,9.216819693990514
subset,103,9.218731992400052
subset,104,9.2160816485366
subset,105,9.214906214858859
subset,106,9.21293000214388
subset,107,9.218929196274845
subset,108,9.219453068246134
subset,109,9.217675934422221
subset,110,9.211484206564357
subset,111,9.21616328210181
subset,112,9.21599233732694
subset,113,9.218339694672602
subset,114,9.218713596606657
subset,115,9.216858957401616
subset,116,9.21358155911563
subset,117,9.218834293570454
subset,118,9.212821462574523
subset,119,9.216365155204535
subset,120,9.218702341949966
subset,121,9.213186736215663
subset,122,9.217659586375657
subset,123,9.217185203620295
subset,124,9.210788459550333
subset,125,9.213934792724379
subset,126,9.215022787485363
subset,127,9.212199353324001
subset,128,9.214409211973988
subset,129,9.213200111066646
subset,130,9.218521575323237
subset,131,9.211034158130024
subset,132,9.212148719604071
subset,133,9.215389433954314
subset,134,9.211686557249346
subset,135,9.209096317408637
subset,136,9.21257644656832
subset,137,9.211192774419116
subset,138,9.21377792779117
subset,139,9.217678407825819
subset,140,9.214788396553232
subset,141,9.213751999091578
subset,142,9.214907675988208
subset,143,9.214697837286947
subset,144,9.219970252712681
subset,145,9.216674118376329
subset,146,9.213542358094939
subset,147,9.21173701319852
subset,148,9.215158548623123
subset,149,9.21415294223282
subset,150,9.217252927095084
subset,151,9.211919419786817
subset,152,9.2167269798016
subset,153,9.216708629766924
subset,154,9.211114876935863
subset,155,9.218841302850032
subset,156,9.216291271118347
subset,157,9.215146161820162
subset,158,9.218658470308627
subset,159,9.218257413394172
subset,160,9.212922463418238
subset,161,9.21024862353833
subset,162,9.216739190285438
subset,163,9.21589978711261
subset,164,9.215490378303924
subset,165,9.210793409224568
subset,166,9.214465193529188
subset,167,9.213733379736045
subset,168,9.220368764993678
subset,169,9.211322980335702
subset,170,9.215420761885017
subset,171,9.213934453161988
subset,172,9.216554068095762
subset,173,9.211268017434094
subset,174,9.21596859950979
subset,175,9.209921025222025
subset,176,9.216417884544526
subset,177,9.215620539131306
subset,178,9.218054012185053
subset,179,9.214903332937084
subset,180,9.217251845190189
subset,181,9.21261602624688
subset,182,9.21618798624818
subset,183,9.220079257581567
subset,184,9.21273981043378
subset,185,9.219057104798198
subset,186,9.214236334889467
subset,187,9.215396251033651
subset,188,9.211630228250563
subset,189,9.21612185816136
subset,190,9.215341619915925
subset,191,9.213670350493771
subset,192,9.210966278253725
subset,193,9.21780353527133
subset,194,9.215745823706433
subset,195,9.21775832655702
subset,196,9.216394845071973
subset,197,9.214942308524872
subset,198,9.214559806722509
subset,199,9.214938676371576
subset,200,9.217893255799991
subset,201,9.211208459517696
subset,202,9.216271671178351
subset,203,9.215709978433345
subset,204,9.21430812398189
subset,205,9.215341274544581
subset,206,9.21609625486521
subset,207,9.212880306325102
subset,208,9.216061155730648
subset,209,9.210987290420087
subset,210,9.215409619194666
subset,211,9.214225593777286
subset,212,9.216822277810445
subset,213,9.2097836621464
subset,214,9.212078100053679
subset,215,9.213222224825001
subset,216,9.215690994072647
subset,217,9.218864133763251
subset,218,9.209713512402226
subset,219,9.217455793505218
subset,220,9.213589020665513
subset,221,9.218928691788408
subset,222,9.214558384313685
subset,223,9.21099780489558
subset,224,9.215639817613278
subset,225,9.217146626627716
subset,226,9.215938948893918
subset,227,9.215700582253755
subset,228,9.216019729458244
subset,229,9.214181450313031
subset,230,9.212642747380466
subset,231,9.212700819154175
subset,232,9.2217914292467
subset,233,9.220566090977933
subset,234,9.216544379499643
subset,235,9.2154987105737
subset,236,9.216363987762257
subset,237,9.211821734828769
subset,238,9.21727619599823
subset,239,9.21757297819182
subset,240,9.21280248286988
subset,241,9.212431402969234
subset,242,9.213084567421538
subset,243,9.217250623423068
subset,244,9.215088270549561
subset,245,9.218159371088365
subset,246,9.212066317852617
subset,247,9.216801156029593
subset,248,9.216072358258756
subset,249,9.21884885818009
subset,250,9.214747165086791
subset,251,9.216900064940727
subset,252,9.21626993397687
subset,253,9.218121122306309
subset,254,9.216187523769898
subset,255,9.21570995411332
subset,256,9.214650235990748
subset,257,9.218112316077638
subset,258,9.214401102228594
subset,259,9.21599814924964
subset,260,9.21642195993964
subset,261,9.21859560217434
subset,262,9.214689173536613
subset,263,9.214984289392058
subset,264,9.215533119146137
subset,265,9.216396640015033
subset,266,9.209994984933621
subset,267,9.215670198388203
subset,268,9.218779645607505
subset,269,9.217938874945014
subset,270,9.211049099410664
subset,271,9.211938861316101
subset,272,9.215293504225233
subset,273,9.21255360442115
subset,274,9.215540568618575
subset,275,9.21542474290637
subset,276,9.20979542794272
subset,277,9.21835197160116
subset,278,9.21437666961804
subset,279,9.21734721672458
subset,280,9.210727133828144
subset,281,9.221537308832328
subset,282,9.215781434905658
subset,283,9.21336051888172
subset,284,9.212819106698696
subset,285,9.212560633844419
subset,286,9.216763375115422
subset,287,9.213408250844104
subset,288,9.219322315163197
subset,289,9.216888878612657
subset,290,9.215531992298908
subset,291,9.213110395403746
subset,292,9.217351114001614
subset,293,9.22047448869314
subset,294,9.217957020834902
subset,295,9.215499658716796
subset,296,9.214490429364625
subset,297,9.216495232872228
subset,298,9.219119763167173
subset,299,9.210340675454578
subset,300,9.21551337796903
subset,301,9.217465553873136
subset,302,9.21967304538699
subset,303,9.21415010716116
subset,304,9.217466356011846
subset,305,9.215957530685596
subset,306,9.218533438750157
subset,307,9.215333828590108
subset,308,9.219203972228241
subset,309,9.212634442644168
subset,310,9.214285336392273
subset,311,9.214682570697251
subset,312,9.217170491109945
subset,313,9.212748377455702
subset,314,9.217481409111393
subset,315,9.215246365543745
subset,316,9.21636276318657
subset,317,9.212800468256663
subset,318,9.214317297772762
subset,319,9.212755357219867
subset,320,9.214068458135518
subset,321,9.211448209437968
subset,322,9.218633565287186
subset,323,9.214862862456211
subset,324,9.215027015585573
subset,325,9.217849868020805
subset,326,9.215509147766596
subset,327,9.217053532483998
subset,328,9.215523354012609
subset,329,9.215934525318046
subset,330,9.212520947914456
subset,331,9.211291791995892
subset,332,9.21740339156078
subset,333,9.212658247110124
subset,334,9.21382311576911
subset,335,9.214937728811758
subset,336,9.214773593312243
subset,337,9.217329373087274
subset,338,9.216074349641922
subset,339,9.21421459614857
subset,340,9.217823817541074
subset,341,9.21315470940538
subset,342,9.211450126630847
subset,343,9.215826294375969
subset,344,9.216163576291978
subset,345,9.219708148163098
subset,346,9.21513141835594
subset,347,9.216910956004588
subset,348,9.213851258348246
subset,349,9.216644002268866
subset,350,9.210497355518891
subset,351,9.213386081606066
subset,352,9.214397854257477
subset,353,9.212393312478127
subset,354,9.213737062272537
subset,355,9.219650850901909
subset,356,9.217327358306772
subset,357,9.212116210863432
subset,358,9.215524567330645
subset,359,9.220287294957677
subset,360,9.215960490316075
subset,361,9.213253964135324
subset,362,9.213470461479737
subset,363,9.217137652407354
subset,364,9.21892533094608
subset,365,9.218814550263751
subset,366,9.21705126815704
subset,367,9.21399779940104
subset,368,9.217959379878058
subset,369,9.214043307546097
subset,370,9.213547485865382
subset,371,9.215011191143955
subset,372,9.21644904162768
subset,373,9.216172900660922
subset,374,9.21260956291764
subset,375,9.212635343864388
subset,376,9.21429714118329
subset,377,9.211682557406752
subset,378,9.215536857111434
subset,379,9.216901323588576
subset,380,9.21651320278499
subset,381,9.219629855017176
subset,382,9.215745317124366
subset,383,9.21699773773149
subset,384,9.214494321961498
subset,385,9.215679623542135
subset,386,9.220194992557039
subset,387,9.216540351244602
subset,388,9.216296631778777
subset,389,9.210526940856452
subset,390,9.213664625500565
subset,391,9.216893309048768
subset,392,9.216072256644283
subset,393,9.214284357708793
subset,394,9.218229426555839
subset,395,9.213513972057482
subset,396,9.21658321373046
subset,397,9.217459520520485
subset,398,9.208932967911199
subset,399,9.215093087463579
subset,400,9.214666558369554
subset,401,9.217524192271018
subset,402,9.215420415515679
subset,403,9.217870999790852
subset,404,9.211580306395305
subset,405,9.211021762207956
subset,406,9.215337011269739
subset,407,9.216069612893422
subset,408,9.21932491398753
subset,409,9.21603574746852
subset,410,9.214937370608707
subset,411,9.216156963300724
subset,412,9.21345583175072
subset,413,9.21343244922893
subset,414,9.216718761884394
subset,415,9.217100193345303
subset,416,9.216835705736939
subset,417,9.214710811394207
subset,418,9.219442611348624
subset,419,9.214934620933114
subset,420,9.2094818615481
subset,421,9.217973011059973
subset,422,9.214007853569443
subset,423,9.216514822560903
subset,424,9.21607009857675
subset,425,9.21188245614324
subset,426,9.215367241040767
subset,427,9.22033558873659
subset,428,9.217353100324862
subset,429,9.219953489956364
subset,430,9.218307797622138
subset,431,9.21405881264619
subset,432,9.211049099410664
subset,433,9.216740146527634
subset,434,9.214678779681641
subset,435,9.21643271834603
subset,436,9.21518348698296
subset,437,9.22085578409677
subset,438,9.217125727106314
subset,439,9.212543941705578
subset,440,9.2192523812906
subset,441,9.218150738876272
subset,442,9.216186517114359
subset,443,9.217518636568164
subset,444,9.220699913366694
subset,445,9.21747608888147
subset,446,9.215999559487981
subset,447,9.22000644909648
subset,448,9.211896530628485
subset,449,9.216946194374659
subset,450,9.216040776456026
subset,451,9.21502639096239
subset,452,9.214454420338251
subset,453,9.21394806508974
subset,454,9.215179854914824
subset,455,9.21753546968083
subset,456,9.216827885469094
subset,457,9.218672240429244
subset,458,9.214003948802116
subset,459,9.215522741227353
subset,460,9.210916755495484
subset,461,9.215827192176372
subset,462,9.212970015248802
subset,463,9.217463444883805
subset,464,9.212465987730505
subset,465,9.214774978242831
subset,466,9.215120839432153
subset,467,9.218349934603735
subset,468,9.215307818854265
subset,469,9.211807900875378
subset,470,9.210701265015627
subset,471,9.21918175703708
subset,472,9.21509419599097
subset,473,9.21284943524002
subset,474,9.21134101895693
subset,475,9.216560313010246
subset,476,9.212325025932847
subset,477,9.213942619405996
subset,478,9.209552235792989
subset,479,9.212817874263234
subset,480,9.210518884054816
subset,481,9.216105073353651
subset,482,9.216857207981912
subset,483,9.210929349978711
subset,484,9.211881681639555
subset,485,9.211392376293087
subset,486,9.216293897706581
subset,487,9.213200560513233
subset,488,9.214334836240818
subset,489,9.216631763652611
subset,490,9.216500856179666
subset,491,9.212139144262705
subset,492,9.217240196527655
subset,493,9.217717035974005
subset,494,9.21926562231827
subset,495,9.216060969207089
subset,496,9.217916969407304
subset,497,9.214504427033193
subset,498,9.215367269735523
subset,499,9.21598224655391
subset,500,9.220323931868284
subset,501,9.218139636907646
subset,502,9.216617201647036
subset,503,9.218181670030246
subset,504,9.214240214680252
subset,505,9.216237560932331
subset,506,9.215283916456325
subset,507,9.214912644945539
subset,508,9.214169365767258
subset,509,9.216440874894785
subset,510,9.210162762035875
subset,511,9.213551159450725
subset,512,9.214099913900272
subset,513,9.216739411835967
subset,514,9.213837335717892
subset,515,9.210675687333538
subset,516,9.212236529828973
subset,517,9.220167015005739
subset,518,9.212070543027004
subset,519,9.214117299309988
subset,520,9.211349271849425
subset,521,9.213862270180913
subset,522,9.218578029093718
subset,523,9.218536347747083
subset,524,9.220486832873753
subset,525,9.213230251115633
subset,526,9.219334808076331
subset,527,9.2141530621987
subset,528,9.215438250004441
subset,529,9.209336058551973
subset,530,9.215514897546308
subset,531,9.213044862103766
subset,532,9.215523934450736
subset,533,9.215197921623604
subset,534,9.215256648708664
subset,535,9.214093677542124
subset,536,9.220165559317234
subset,537,9.210482919150813
subset,538,9.217471908701748
subset,539,9.214393346891255
subset,540,9.214301810700245
subset,541,9.21742233736069
subset,542,9.215702611337724
subset,543,9.216555442491421
subset,544,9.212055119290563
subset,545,9.218463505306232
subset,546,9.21505894594942
subset,547,9.21716521548063
subset,548,9.21363388397436
subset,549,9.216454799098386
subset,550,9.217701475954286
subset,551,9.217981182895999
subset,552,9.21509998429058
subset,553,9.21354311709463
subset,554,9.219157369998813
subset,555,9.216253271107473
subset,556,9.214693364739828
subset,557,9.213982901240254
subset,558,9.212959120994075
subset,559,9.212983570641828
subset,560,9.217709942685653
subset,561,9.211745669548765
subset,562,9.217666580715575
subset,563,9.217864865062431
subset,564,9.215894986213524
subset,565,9.218870085294263
subset,566,9.214502224089468
subset,567,9.21583984873251
subset,568,9.216518933720875
subset,569,9.21827559497528
subset,570,9.213682164777948
subset,571,9.215539069233191
subset,572,9.2121909189751
subset,573,9.213116801447258
subset,574,9.215851806036627
subset,575,9.21236313873252
subset,576,9.2169210093969
subset,577,9.22142090011873
subset,578,9.210709151429713
subset,579,9.21621510639226
subset,580,9.213383796397363
subset,581,9.21435196441331
subset,582,9.21142337068049
subset,583,9.217417282274118
subset,584,9.22051434167821
subset,585,9.215457266190732
subset,586,9.214931610236597
subset,587,9.21530819726488
subset,588,9.211129882253106
subset,589,9.220307831994948
subset,590,9.219025991753155
subset,591,9.213365120299077
subset,592,9.211897423881473
subset,593,9.217253055352593
subset,594,9.21512044945768
subset,595,9.214776682830985
subset,596,9.214621357678757
subset,597,9.217743576074506
subset,598,9.212743032736299
subset,599,9.212758810985134
subset,600,9.222369011380447
subset,601,9.221033197871158
subset,602,9.216140374545642
subset,603,9.215830010099397
subset,604,9.21461168005271
subset,605,9.211000703907748
subset,606,9.217032743189163
subset,607,9.21014823120937
subset,608,9.21611883839327
subset,609,9.214377635544617
subset,610,9.215969059505616
subset,611,9.214989584927233
subset,612,9.213647863516044
subset,613,9.214511752235254
subset,614,9.209973933577114
subset,615,9.21051005993574
subset,616,9.215750821919412
subset,617,9.213781216006707
subset,618,9.21574673600201
subset,619,9.217945575108743
subset,620,9.205463883865963
subset,621,9.214851687722845
subset,622,9.213419564523612
subset,623,9.218051264466515
subset,624,9.2193967041092
subset,625,9.213132808224028
subset,626,9.21364333523615
subset,627,9.211943035616946
subset,628,9.214998903505593
subset,629,9.210950160216262
subset,630,9.21553481637083
subset,631,9.214999417811338
subset,632,9.213132077098741
subset,633,9.216564315019014
subset,634,9.215642080630492
subset,635,9.210852865159742
subset,636,9.212458402784346
subset,637,9.215279727248795
subset,638,9.213860222297416
subset,639,9.21501766590653
subset,640,9.211213255831392
subset,641,9.209653329019071
subset,642,9.214172022217872
subset,643,9.215675018521207
subset,644,9.211816403308257
subset,645,9.215016739969686
subset,646,9.210802465280336
subset,647,9.216686280495862
subset,648,9.215820548062299
subset,649,9.216308982122069
subset,650,9.21519160746125
subset,651,9.216086764636612
subset,652,9.217480626971287
subset,653,9.214029891039086
subset,654,9.218041914428024
subset,655,9.213069046615784
subset,656,9.213433654139513
subset,657,9.217713749633761
subset,658,9.217854598722285
subset,659,9.212622810982399
subset,660,9.216534559974246
subset,661,9.210083412893823
subset,662,9.215782942473385
subset,663,9.214270958098584
subset,664,9.215238377493769
subset,665,9.214333155384248
subset,666,9.219748645994429
subset,667,9.215369952925839
subset,668,9.217072013167265
subset,669,9.21246617399086
subset,670,9.221671747999
subset,671,9.214311917037694
subset,672,9.218841302850032
subset,673,9.216659081453358
subset,674,9.217204503486109
subset,675,9.21317499218026
subset,676,9.216541975611822
subset,677,9.218384495172923
subset,678,9.217020719964815
subset,679,9.21505765641457
subset,680,9.211936273581465
subset,681,9.21652451662807
subset,682,9.210899243612088
subset,683,9.216888489898883
subset,684,9.215332751556875
subset,685,9.221642659519159
subset,686,9.218000020861147
subset,687,9.213549546326297
subset,688,9.216282832671437
subset,689,9.212756617575884
subset,690,9.212592545240469
subset,691,9.214754107310945
subset,692,9.219312760864732
subset,693,9.211361347071193
subset,694,9.214670238098742
subset,695,9.213203074802934
subset,696,9.216038612445182
subset,697,9.21420226245546
subset,698,9.219660247196703
subset,699,9.21337863421341
subset,700,9.2164047144295
subset,701,9.21538834577137
subset,702,9.217217957834295
subset,703,9.216819693990514
subset,704,9.21674397701392
subset,705,9.221535030101114
subset,706,9.217822768025561
subset,707,9.213018812650683
subset,708,9.213236291963591
subset,709,9.21284440768352
subset,710,9.211116494458082
subset,711,9.217456336814408
subset,712,9.216431829535603
subset,713,9.2170213714167
subset,714,9.21546151332419
subset,715,9.212558658829147
subset,716,9.212737920063848
subset,717,9.209699312398582
subset,718,9.218502735786773
subset,719,9.214943093401837
subset,720,9.211877979958588
subset,721,9.216955329520928
subset,722,9.215088688714852
subset,723,9.212717652822935
subset,724,9.21580351435421
subset,725,9.217921509546779
subset,726,9.211587143379242
subset,727,9.213246019446075
subset,728,9.211566580739538
subset,729,9.214948331804775
subset,730,9.220701117125303
subset,731,9.212348305287138
subset,732,9.211870023415997
subset,733,9.219641748835805
subset,734,9.217650597190154
subset,735,9.208220661438373
subset,736,9.217326053912993
subset,737,9.214006394089324
subset,738,9.214665258973875
subset,739,9.217050778531306
subset,740,9.216055870963922
subset,741,9.215569139455027
subset,742,9.216114582714198
subset,743,9.21232913936509
subset,744,9.208648545956434
subset,745,9.217398329665562
subset,746,9.219846617452466
subset,747,9.21399779940104
subset,748,9.216934216219933
subset,749,9.215039405777638
subset,750,9.21700572421268
subset,751,9.212112388296285
subset,752,9.212938172562211
subset,753,9.218497579557413
subset,754,9.215218501120942
subset,755,9.216404383787838
subset,756,9.212344246142855
subset,757,9.2161291455083
subset,758,9.21679991378789
subset,759,9.217530389377274
subset,760,9.212131279664687
subset,761,9.21041546047861
subset,762,9.215327016834777
subset,763,9.212047580870237
subset,764,9.211753646630026
subset,765,9.212820933146492
subset,766,9.214489564632956
subset,767,9.210203613518384
subset,768,9.212954814471848
subset,769,9.213250119363709
subset,770,9.21862334228923
subset,771,9.214622730675298
subset,772,9.218087990299658
subset,773,9.21755089164797
subset,774,9.215508390252879
subset,775,9.222255116823632
subset,776,9.214809592209882
subset,777,9.218659273335147
subset,778,9.215129414460552
subset,779,9.217427441136081
subset,780,9.213738273961841
subset,781,9.21769706711768
subset,782,9.215764383309105
subset,783,9.211640187151955
subset,784,9.219970441923182
subset,785,9.211694418596075
subset,786,9.212422824226916
subset,787,9.215126762648223
subset,788,9.213414857828553
subset,789,9.213643771807712
subset,790,9.21466017391497
subset,791,9.214395378133823
subset,792,9.210402372897384
subset,793,9.216701086230563
subset,794,9.211302816862544
subset,795,9.213192024173823
subset,796,9.216632979817907
subset,797,9.215318308255512
subset,798,9.21376578048918
subset,799,9.215322700756658
subset,800,9.21870818771936
subset,801,9.214117908799436
subset,802,9.216045406765277
subset,803,9.216919206960974
subset,804,9.212163751796483
subset,805,9.217942816055762
subset,806,9.213807761863913
subset,807,9.21434768684484
subset,808,9.214850769332552
subset,809,9.215002178349641
subset,810,9.215207262362261
subset,811,9.21711650070333
subset,812,9.210464573662993
subset,813,9.218071802043987
subset,814,9.220083779030277
subset,815,9.21649164658906
subset,816,9.216032487778023
subset,817,9.216730689539467
subset,818,9.220077308963909
subset,819,9.215015100052941
subset,820,9.217020140502724
subset,821,9.216342649051223
subset,822,9.22047943793206
subset,823,9.21730182623836
subset,824,9.21637714140712
subset,825,9.21424555371005
subset,826,9.215149657106583
subset,827,9.21816183526828
subset,828,9.215332632813507
subset,829,9.214065924276127
subset,830,9.216159664873441
subset,831,9.213637803296873
subset,832,9.218018517802088
subset,833,9.216336329468163
subset,834,9.21483130825854
subset,835,9.212566572049493
subset,836,9.216478626055277
subset,837,9.218750429926178
subset,838,9.213043186629697
subset,839,9.212461649693658
subset,840,9.21734200827284
subset,841,9.215180219281404
subset,842,9.216735874854496
subset,843,9.214418688179762
subset,844,9.213742773773095
subset,845,9.216634255762417
subset,846,9.210041163545634
subset,847,9.215151805412857
subset,848,9.214852849926412
subset,849,9.216822548666972
subset,850,9.218426648499412
subset,851,9.216110557394158
subset,852,9.214249503710107
subset,853,9.216279357435464
subset,854,9.213445499534117
subset,855,9.215618176642913
subset,856,9.216004624073971
subset,857,9.21539444931512
subset,858,9.211793928923628
subset,859,9.214351175188577
subset,860,9.21524700783002
subset,861,9.21664044054376
subset,862,9.21541170323853
subset,863,9.217993885674733
subset,864,9.214692434836845
subset,865,9.217034392570152
subset,866,9.211976770910823
subset,867,9.217800233005468
subset,868,9.21722610634655
subset,869,9.216714397492503
subset,870,9.21745582880938
subset,871,9.210588001466045
subset,872,9.215831428552724
subset,873,9.216769311276197
subset,874,9.216861900783986
subset,875,9.213988195780582
subset,876,9.213263495764792
subset,877,9.218079520541512
subset,878,9.215854018442803
subset,879,9.216359498141177
subset,880,9.213928677119027
subset,881,9.215663699370864
subset,882,9.215494468089158
subset,883,9.216453379485477
subset,884,9.215195742701257
subset,885,9.21422027446252
subset,886,9.215221948835065
subset,887,9.215066726630253
subset,888,9.211664399136492
subset,889,9.217741012572825
subset,890,9.215184292875726
subset,891,9.212842481207122
subset,892,9.211857889524179
subset,893,9.220101312048307
subset,894,9.212994229665167
subset,895,9.216509703135008
subset,896,9.216383565479052
subset,897,9.214128411564863
subset,898,9.21452934484213
subset,899,9.21338192930451
subset,900,9.213295625869423
subset,901,9.218769056511691
subset,902,9.214032321485691
subset,903,9.215651031242459
subset,904,9.21612428516954
subset,905,9.217481859046961
subset,906,9.214278097763248
subset,907,9.212758541891935
subset,908,9.21064855585669
subset,909,9.209494167432558
subset,910,9.215299580995573
subset,911,9.214377019297942
subset,912,9.21768719669675
subset,913,9.219713335557348
subset,914,9.212959120994075
subset,915,9.208629596884027
subset,916,9.213010364369506
subset,917,9.214268018125107
subset,918,9.220547271635935
subset,919,9.218249700382511
subset,920,9.21422461030957
subset,921,9.214022916426272
subset,922,9.21511324512485
subset,923,9.21489482190339
subset,924,9.21489179403199
subset,925,9.221385135706184
subset,926,9.216810605485428
subset,927,9.217918071190324
subset,928,9.216182201330355
subset,929,9.217540572637839
subset,930,9.218766627281717
subset,931,9.217191224726557
subset,932,9.219735179490181
subset,933,9.213658444426109
subset,934,9.216953889679143
subset,935,9.214511036011789
subset,936,9.215353174354195
subset,937,9.218526348095182
subset,938,9.21402560226902
subset,939,9.209614168442103
subset,940,9.211135620283894
subset,941,9.21508013933647
subset,942,9.218608287593401
subset,943,9.218060662400244
subset,944,9.217369998620054
subset,945,9.212148730778102
subset,946,9.214746404123584
subset,947,9.214038585831766
subset,948,9.214037032110705
subset,949,9.212594357847086
subset,950,9.213350236623679
subset,951,9.216279500233737
subset,952,9.21378468081625
subset,953,9.216443778702125
subset,954,9.212352911531939
subset,955,9.218319389684625
subset,956,9.216322257283858
subset,957,9.215212362957933
subset,958,9.217129774624276
subset,959,9.211682286565361
subset,960,9.215795590064866
subset,961,9.216295151815483
subset,962,9.214595642990217
subset,963,9.214948826642942
subset,964,9.212858132589824
subset,965,9.215448408004967
subset,966,9.214931497592406
subset,967,9.220245523352768
subset,968,9.216846339081503
subset,969,9.217242407817295
subset,970,9.21420808626612
subset,971,9.217919621223105
subset,972,9.215104311756393
subset,973,9.216617516609602
subset,974,9.213558776160895
subset,975,9.214127186796782
subset,976,9.21067616670085
subset,977,9.211810508674887
subset,978,9.21701784576111
subset,979,9.213957282422413
subset,980,9.211900307533583
subset,981,9.213137432047867
subset,982,9.215508380365545
subset,983,9.20890524057374
subset,984,9.21681814969929
subset,985,9.214749786830804
subset,986,9.213870289343257
subset,987,9.217335669356038
subset,988,9.214767812455392
subset,989,9.215603519050331
subset,990,9.215774881530717
subset,991,9.211610159006351
subset,992,9.214550834231826
subset,993,9.215715234249625
subset,994,9.218227198576104
subset,995,9.214988984841852
subset,996,9.217718991655662
subset,997,9.216167367988163
subset,998,9.212994159883214
subset,999,9.21752498379861
complex_haar,0,9.277953746744744
complex_haar,1,9.278556759670067
complex_haar,2,9.279413744331425
complex_haar,3,9.27873522580771
complex_haar,4,9.279204100889789
complex_haar,5,9.278408628846966
complex_haar,6,9.27862506177058
complex_haar,7,9.278287341969028
complex_haar,8,9.278485115186635
complex_haar,9,9.27957587409379
complex_haar,10,9.27824730441186
complex_haar,11,9.278659692894571
complex_haar,12,9.279445736401275
complex_haar,13,9.277015745368416
complex_haar,14,9.278231009725463
complex_haar,15,9.278970098303857
complex_haar,16,9.279269525992495
complex_haar,17,9.277929555226725
complex_haar,18,9.27950204630854
complex_haar,19,9.279753570565656
complex_haar,20,9.278807515560473
complex_haar,21,9.280526271120863
complex_haar,22,9.27908279126782
complex_haar,23,9.279449545912994
complex_haar,24,9.279207536036486
complex_haar,25,9.278891039751436
complex_haar,26,9.279275998681129
complex_haar,27,9.279615572178812
complex_haar,28,9.278448076982865
complex_haar,29,9.27831024282193
complex_haar,30,9.277610449899019
complex_haar,31,9.279060823119405
complex_haar,32,9.279457827606256
complex_haar,33,9.278926384213428
complex_haar,34,9.277813265589852
complex_haar,35,9.278617025036265
complex_haar,36,9.278896902533297
complex_haar,37,9.278222426638417
complex_haar,38,9.279393122080014
complex_haar,39,9.277977651615283
complex_haar,40,9.277822951263309
complex_haar,41,9.279085150714716
complex_haar,42,9.278800350299845
complex_haar,43,9.278339575224125
complex_haar,44,9.278970823242853
complex_haar,45,9.276700447107354
complex_haar,46,9.278811689014198
complex_haar,47,9.27786567375961
complex_haar,48,9.279082552586257
complex_haar,49,9.2791438616038
complex_haar,50,9.279070724980011
complex_haar,51,9.278778088541754
complex_haar,52,9.278371154704605
complex_haar,53,9.279338268356256
complex_haar,54,9.279348244830768
complex_haar,55,9.278486133689803
complex_haar,56,9.278181800895135
complex_haar,57,9.277874146610511
complex_haar,58,9.27820869604524
complex_haar,59,9.278308934079085
complex_haar,60,9.27845904470423
complex_haar,61,9.27873477490648
complex_haar,62,9.278661951165095
complex_haar,63,9.278320995255077
complex_haar,64,9.279740086482564
complex_haar,65,9.278010271080577
complex_haar,66,9.278868564370537
complex_haar,67,9.278976299929575
complex_haar,68,9.279108511920338
complex_haar,69,9.279074094868662
complex_haar,70,9.278796434164237
complex_haar,71,9.279252391097396
complex_haar,72,9.27850398713015
complex_haar,73,9.277369790125222
complex_haar,74,9.279037865260694
complex_haar,75,9.27816750601314
complex_haar,76,9.277995136214823
complex_haar,77,9.279450843504065
complex_haar,78,9.279131537854987
complex_haar,79,9.278892224028882
complex_haar,80,9.279239471829785
complex_haar,81,9.278457193140072
complex_haar,82,9.27904344867282
complex_haar,83,9.277295722312516
complex_haar,84,9.278885065230426
complex_haar,85,9.27768706907137
complex_haar,86,9.27896143127389
complex_haar,87,9.278813003657996
complex_haar,88,9.278175751830826
complex_haar,89,9.27919981040742
complex_haar,90,9.278243789083685
complex_haar,91,9.278596513035959
complex_haar,92,9.278665572629677
complex_haar,93,9.278397310717164
complex_haar,94,9.279077294991525
complex_haar,95,9.27922088670618
complex_haar,96,9.27876685045702
complex_haar,97,9.278507680327305
complex_haar,98,9.279456038059049
complex_haar,99,9.278369252371952
complex_haar,100,9.278459609085411
complex_haar,101,9.278714867661257
complex_haar,102,9.28042179921758
complex_haar,103,9.278398931011592
complex_haar,104,9.278611182710446
complex_haar,105,9.279500796672899
complex_haar,106,9.2776245690341
complex_haar,107,9.277738108112963
complex_haar,108,9.280176493603452
complex_haar,109,9.278784023656838
complex_haar,110,9.279704243396353
complex_haar,111,9.278958026131441
complex_haar,112,9.279440714428032
complex_haar,113,9.278476267017131
complex_haar,114,9.278715018158948
complex_haar,115,9.27930451178917
complex_haar,116,9.280433982370885
complex_haar,117,9.277233209871294
complex_haar,118,9.278886920858648
complex_haar,119,9.277150057081748
complex_haar,120,9.278330420060161
complex_haar,121,9.279513674464681
complex_haar,122,9.277880487078225
complex_haar,123,9.279428305507736
complex_haar,124,9.278629701558073
complex_haar,125,9.278240071273853
complex_haar,126,9.278979486605552
complex_haar,127,9.278727187243925
complex_haar,128,9.278924264803418
complex_haar,129,9.277789471611358
complex_haar,130,9.279582821636172
complex_haar,131,9.276429377853775
complex_haar,132,9.278754586803483
complex_haar,133,9.278952700096506
complex_haar,134,9.27798487598465
complex_haar,135,9.277137399173126
complex_haar,136,9.278574091840596
complex_haar,137,9.279224092604883
complex_haar,138,9.279337135862145
complex_haar,139,9.278321073053299
complex_haar,140,9.278581668316518
complex_haar,141,9.27781886446082
complex_haar,142,9.278976382251463
complex_haar,143,9.278125023541058
complex_haar,144,9.277344792504708
complex_haar,145,9.279608266646616
complex_haar,146,9.279918006159889
complex_haar,147,9.277082784506673
complex_haar,148,9.278305578757266
complex_haar,149,9.278894769591933
complex_haar,150,9.27847274504373
complex_haar,151,9.279340477067556
complex_haar,152,9.278079163687721
complex_haar,153,9.278276939057243
complex_haar,154,9.279337493497577
complex_haar,155,9.278384693108643
complex_haar,156,9.278309510860938
complex_haar,157,9.27898465712094
complex_haar,158,9.277427545650749
complex_haar,159,9.278303174507213
complex_haar,160,9.278674892815944
complex_haar,161,9.27844858501377
complex_haar,162,9.27898619775026
complex_haar,163,9.277550939655953
complex_haar,164,9.278329786301617
complex_haar,165,9.278446555675659
complex_haar,166,9.279858273106731
complex_haar,167,9.278087875638077
complex_haar,168,9.277068717330694
complex_haar,169,9.279248457889558
complex_haar,170,9.27849332763837
complex_haar,171,9.278356703024782
complex_haar,172,9.279944663043945
complex_haar,173,9.279301350750293
complex_haar,174,9.27753401092
complex_haar,175,9.27951398367809
complex_haar,176,9.278557971286725
complex_haar,177,9.277806760396748
complex_haar,178,9.279014750243697
complex_haar,179,9.279404270275181
complex_haar,180,9.27924855815832
complex_haar,181,9.278123764459057
complex_haar,182,9.278979099557288
complex_haar,183,9.277382617639686
complex_haar,184,9.277221646610057
complex_haar,185,9.278415440498875
complex_haar,186,9.27863760173556
complex_haar,187,9.279354084907629
complex_haar,188,9.278422658686361
complex_haar,189,9.27792775638974
complex_haar,190,9.279286027929498
complex_haar,191,9.277704741961024
complex_haar,192,9.278676653804341
complex_haar,193,9.279315400029752
complex_haar,194,9.278983713445678
complex_haar,195,9.278226445421213
complex_haar,196,9.279191096495435
complex_haar,197,9.278127681879097
complex_haar,198,9.278986730788217
complex_haar,199,9.278684225593025
complex_haar,200,9.27896189993299
complex_haar,201,9.279111719467226
complex_haar,202,9.278812335807006
complex_haar,203,9.27862082563063
complex_haar,204,9.27855638558505
complex_haar,205,9.278975018078
complex_haar,206,9.2781026034417
complex_haar,207,9.279804218445529
complex_haar,208,9.278681909721188
complex_haar,209,9.27945082813083
complex_haar,210,9.279372061597766
complex_haar,211,9.27842067928222
complex_haar,212,9.279104303842477
complex_haar,213,9.279018686184095
complex_haar,214,9.278246932261359
complex_haar,215,9.278761371938394
complex_haar,216,9.278979346435872
complex_haar,217,9.278463127821002
complex_haar,218,9.27921838591036
complex_haar,219,9.279398731342333
complex_haar,220,9.278184557102739
complex_haar,221,9.27924014622003
complex_haar,222,9.278867318250208
complex_haar,223,9.278707147427847
complex_haar,224,9.27846135691839
complex_haar,225,9.278576576521475
complex_haar,226,9.27978860046214
complex_haar,227,9.277557462892169
complex_haar,228,9.27760924444769
complex_haar,229,9.279325006212801
complex_haar,230,9.277703340308513
complex_haar,231,9.279855014939468
complex_haar,232,9.278672520467595
complex_haar,233,9.278492976946605
complex_haar,234,9.278618171501078
complex_haar,235,9.278943593502868
complex_haar,236,9.277700640421347
complex_haar,237,9.278306471974837
complex_haar,238,9.278647437035547
complex_haar,239,9.27808066938129
complex_haar,240,9.278372549213026
complex_haar,241,9.278498955270319
complex_haar,242,9.279569354504675
complex_haar,243,9.278491077329134
complex_haar,244,9.279190354058745
complex_haar,245,9.278873525387949
complex_haar,246,9.279811733234332
complex_haar,247,9.27837445449361
complex_haar,248,9.278133852372212
complex_haar,249,9.278643357905013
complex_haar,250,9.279370089114241
complex_haar,251,9.27868124452897
complex_haar,252,9.278457372057263
complex_haar,253,9.27889996318428
complex_haar,254,9.278278457421308
complex_haar,255,9.279675405969648
complex_haar,256,9.278325505784638
complex_haar,257,9.278663079439005
complex_haar,258,9.27825435693843
complex_haar,259,9.277599237057766
complex_haar,260,9.277526988274605
complex_haar,261,9.27928562904145
complex_haar,262,9.279721914073136
complex_haar,263,9.278174086376325
complex_haar,264,9.278131232226457
complex_haar,265,9.277890503844606
complex_haar,266,9.279434260625381
complex_haar,267,9.278854609771908
complex_haar,268,9.279386818727996
complex_haar,269,9.277550939655953
complex_haar,270,9.279450656769692
complex_haar,271,9.278786147888134
complex_haar,272,9.278101430897587
complex_haar,273,9.279431434172384
complex_haar,274,9.278623928711442
complex_haar,275,9.279007607478615
complex_haar,276,9.278001640715276
complex_haar,277,9.280193457973489
complex_haar,278,9.278376954781258
complex_haar,279,9.279544359416983
complex_haar,280,9.279232358112111
complex_haar,281,9.277963712210678
complex_haar,282,9.278875004962664
complex_haar,283,9.278689675309485
complex_haar,284,9.27913725424914
complex_haar,285,9.278662478555045
complex_haar,286,9.278558253951946
complex_haar,287,9.279121386755271
complex_haar,288,9.278700564908442
complex_haar,289,9.278624914593333
complex_haar,290,9.278931544856139
complex_haar,291,9.279115542886258
complex_haar,292,9.278697146109856
complex_haar,293,9.278599363085796
complex_haar,294,9.278130828041672
complex_haar,295,9.278598557112153
complex_haar,296,9.278180560023758
complex_haar,297,9.278803599814877
complex_haar,298,9.277817363770005
complex_haar,299,9.278433628488932
complex_haar,300,9.277545920988983
complex_haar,301,9.278670904029605
complex_haar,302,9.277197173773601
complex_haar,303,9.278118528512397
complex_haar,304,9.279200087345503
complex_haar,305,9.278936725166192
complex_haar,306,9.279533005456228
complex_haar,307,9.279154383958069
complex_haar,308,9.279450821023877
complex_haar,309,9.279461532663426
complex_haar,310,9.278273234662318
complex_haar,311,9.279915843740156
complex_haar,312,9.279049263342738
complex_haar,313,9.27908484042965
complex_haar,314,9.279655923847479
complex_haar,315,9.278023266616115
complex_haar,316,9.277841899383189
complex_haar,317,9.277909770927556
complex_haar,318,9.278838015149608
complex_haar,319,9.279005140209026
complex_haar,320,9.278668746261559
complex_haar,321,9.278406896301613
complex_haar,322,9.277484963272583
complex_haar,323,9.277741699624892
complex_haar,324,9.278241667791711
complex_haar,325,9.279505488275191
complex_haar,326,9.278586139141657
complex_haar,327,9.279361881874232
complex_haar,328,9.27851486805932
complex_haar,329,9.279415253694618
complex_haar,330,9.277786471177494
complex_haar,331,9.277609185247874
complex_haar,332,9.277590035998054
complex_haar,333,9.27799318253817
complex_haar,334,9.27903037349335
complex_haar,335,9.278538146058228
complex_haar,336,9.277230020929364
complex_haar,337,9.277264850627107
complex_haar,338,9.278637412134115
complex_haar,339,9.278953241297751
complex_haar,340,9.279265142781638
complex_haar,341,9.278898794806402
complex_haar,342,9.279641716352318
complex_haar,343,9.279122055287427
complex_haar,344,9.277709878600852
complex_haar,345,9.279352822957234
complex_haar,346,9.277698683271462
complex_haar,347,9.278589145647778
complex_haar,348,9.279136410551674
complex_haar,349,9.279696614672904
complex_haar,350,9.27854060156295
complex_haar,351,9.278547617497551
complex_haar,352,9.279108537010455
complex_haar,353,9.27938369100692
complex_haar,354,9.276945259919914
complex_haar,355,9.278376751836387
complex_haar,356,9.279104377575841
complex_haar,357,9.277968027965306
complex_haar,358,9.278371991174692
complex_haar,359,9.277488905369786
complex_haar,360,9.278996830613314
complex_haar,361,9.278677814967049
complex_haar,362,9.278257909534759
complex_haar,363,9.277718141603554
complex_haar,364,9.277982226592098
complex_haar,365,9.278343440731959
complex_haar,366,9.278104826380321
complex_haar,367,9.27904429630263
complex_haar,368,9.27918101174806
complex_haar,369,9.277860511655843
complex_haar,370,9.278756545703134
complex_haar,371,9.279051460470232
complex_haar,372,9.278065828380159
complex_haar,373,9.278721351754362
complex_haar,374,9.278703315882757
complex_haar,375,9.279802994063346
complex_haar,376,9.277811505928636
complex_haar,377,9.278523080541857
complex_haar,378,9.278765656660928
complex_haar,379,9.27946209600249
complex_haar,380,9.278847027637275
complex_haar,381,9.278890042380189
complex_haar,382,9.278937641475292
complex_haar,383,9.278210541919995
complex_haar,384,9.278879631817205
complex_haar,385,9.278700528805228
complex_haar,386,9.27893933936481
complex_haar,387,9.279138270048215
complex_haar,388,9.278324554991773
complex_haar,389,9.27898538466432
complex_haar,390,9.279579357653935
complex_haar,391,9.27975417660648
complex_haar,392,9.279331896578066
complex_haar,393,9.278507581203376
complex_haar,394,9.278436420782501
complex_haar,395,9.278567705425527
complex_haar,396,9.279320500551067
complex_haar,397,9.279253487423228
complex_haar,398,9.27876505551598
complex_haar,399,9.278863839293646
complex_haar,400,9.277728300140664
complex_haar,401,9.277317364329793
complex_haar,402,9.278752478979511
complex_haar,403,9.279792607508934
complex_haar,404,9.277126634627045
complex_haar,405,9.2802996796027
complex_haar,406,9.279099075782606
complex_haar,407,9.278726524656545
complex_haar,408,9.278730856696143
complex_haar,409,9.278408537689605
complex_haar,410,9.279528805488468
complex_haar,411,9.278675178201597
complex_haar,412,9.279566283500479
complex_haar,413,9.277468406333048
complex_haar,414,9.278973703201473
complex_haar,415,9.279059174812538
complex_haar,416,9.27837146529674
complex_haar,417,9.278624094974138
complex_haar,418,9.27864544498165
complex_haar,419,9.279032002232297
complex_haar,420,9.278840005203088
complex_haar,421,9.279093607709473
complex_haar,422,9.27916564936371
complex_haar,423,9.279211236673037
complex_haar,424,9.279136583081035
complex_haar,425,9.279156893428986
complex_haar,426,9.278633945091887
complex_haar,427,9.278303835394068
complex_haar,428,9.279086897645358
complex_haar,429,9.278802745910241
complex_haar,430,9.279535588955785
complex_haar,431,9.280153048038702
complex_haar,432,9.279344929489238
complex_haar,433,9.278300120652066
complex_haar,434,9.277907144532861
complex_haar,435,9.278818827584828
complex_haar,436,9.27927152583543
complex_haar,437,9.278838835995705
complex_haar,438,9.278924170583736
complex_haar,439,9.278271062479657
complex_haar,440,9.278067475816675
complex_haar,441,9.279551440920033
complex_haar,442,9.27917355620183
complex_haar,443,9.278981435200873
complex_haar,444,9.279027341714741
complex_haar,445,9.27822482677697
complex_haar,446,9.27836608991948
complex_haar,447,9.27771399140673
complex_haar,448,9.278856810477679
complex_haar,449,9.278888371470755
complex_haar,450,9.27809317031331
complex_haar,451,9.277668531586595
complex_haar,452,9.279366466502982
complex_haar,453,9.279172657618632
complex_haar,454,9.278007983815375
complex_haar,455,9.278527192568223
complex_haar,456,9.278561433252213
complex_haar,457,9.277254224019215
complex_haar,458,9.279340551101082
complex_haar,459,9.278806189143321
complex_haar,460,9.27862175410518
complex_haar,461,9.277956215709075
complex_haar,462,9.278196778672308
complex_haar,463,9.27884334201291
complex_haar,464,9.278146695519965
complex_haar,465,9.2785142498389
complex_haar,466,9.278710976931906
complex_haar,467,9.278905700070565
complex_haar,468,9.278037120918986
complex_haar,469,9.278620867641653
complex_haar,470,9.278902268241435
complex_haar,471,9.278159501947556
complex_haar,472,9.278503748189328
complex_haar,473,9.279626666427188
complex_haar,474,9.277853217029051
complex_haar,475,9.279404022567311
complex_haar,476,9.279176273315054
complex_haar,477,9.279147984831193
complex_haar,478,9.279837011912717
complex_haar,479,9.279913616336968
complex_haar,480,9.279113997956413
complex_haar,481,9.279277824620051
complex_haar,482,9.279286098271678
complex_haar,483,9.277643335189014
complex_haar,484,9.279585214347753
complex_haar,485,9.278690002210093
complex_haar,486,9.278673123727884
complex_haar,487,9.278565912838177
complex_haar,488,9.277513613871445
complex_haar,489,9.27769925373202
complex_haar,490,9.279138228236805
complex_haar,491,9.278398981432192
complex_haar,492,9.277777883625381
complex_haar,493,9.278573543463573
complex_haar,494,9.278216739115171
complex_haar,495,9.27908642023225
complex_haar,496,9.279508357327426
complex_haar,497,9.278965283453527
complex_haar,498,9.278909867513052
complex_haar,499,9.27907668710938
complex_haar,500,9.278444277677643
complex_haar,501,9.279325917244519
complex_haar,502,9.278732548710865
complex_haar,503,9.27822180624077
complex_haar,504,9.279902944438842
complex_haar,505,9.279227699702345
complex_haar,506,9.277891700286382
complex_haar,507,9.278424563037555
complex_haar,508,9.279206240154384
complex_haar,509,9.278960009034833
complex_haar,510,9.278682910894817
complex_haar,511,9.278066813979306
complex_haar,512,9.279669553894879
complex_haar,513,9.279853396431019
complex_haar,514,9.278052041073229
complex_haar,515,9.278513775193469
complex_haar,516,9.27965440186258
complex_haar,517,9.278718058524351
complex_haar,518,9.278936830949842
complex_haar,519,9.279537123019159
complex_haar,520,9.278902049822257
complex_haar,521,9.278671338866321
complex_haar,522,9.279631277417236
complex_haar,523,9.280027068255835
complex_haar,524,9.278802805621705
complex_haar,525,9.279452176448453
complex_haar,526,9.279641985066286
complex_haar,527,9.279189253862015
complex_haar,528,9.278142441843778
complex_haar,529,9.2785044661889
complex_haar,530,9.279563493369745
complex_haar,531,9.278126485948992
complex_haar,532,9.279041214187222
complex_haar,533,9.278664672390509
complex_haar,534,9.278935803621978
complex_haar,535,9.279415479057082
complex_haar,536,9.279215796471085
complex_haar,537,9.27858655711052
complex_haar,538,9.277052430794894
complex_haar,539,9.277889520467754
complex_haar,540,9.278563609476466
complex_haar,541,9.27771602990258
complex_haar,542,9.278030524476437
complex_haar,543,9.277938932794228
complex_haar,544,9.278425679728693
complex_haar,545,9.278372234712077
complex_haar,546,9.278943458162427
complex_haar,547,9.278413061485216
complex_haar,548,9.278383775499922
complex_haar,549,9.277438112315837
complex_haar,550,9.277190935666892
complex_haar,551,9.278845885808337
complex_haar,552,9.278426335740438
complex_haar,553,9.279397184323951
complex_haar,554,9.278570102182414
complex_haar,555,9.278228122872799
complex_haar,556,9.27825551929948
complex_haar,557,9.277430077756906
complex_haar,558,9.278683156069173
complex_haar,559,9.278643627014434
complex_haar,560,9.27957990001159
complex_haar,561,9.278431212127394
complex_haar,562,9.27918870119726
complex_haar,563,9.277813402901186
complex_haar,564,9.279453943476243
complex_haar,565,9.277180743680056
complex_haar,566,9.27984920022814
complex_haar,567,9.279248013077547
complex_haar,568,9.279667936646609
complex_haar,569,9.278943119895164
complex_haar,570,9.278404740218205
complex_haar,571,9.278430866460576
complex_haar,572,9.276854667165486
complex_haar,573,9.278489991788073
complex_haar,574,9.279960085110943
complex_haar,575,9.279897865046618
complex_haar,576,9.278191201249586
complex_haar,577,9.278199489718219
complex_haar,578,9.278545557110633
complex_haar,579,9.279607361692202
complex_haar,580,9.27893679701431
complex_haar,581,9.277994406804206
complex_haar,582,9.279840142234214
complex_haar,583,9.279614117892503
complex_haar,584,9.27839569984165
complex_haar,585,9.277876154103241
complex_haar,586,9.27984403806967
complex_haar,587,9.278861840959216
complex_haar,588,9.278294449163882
complex_haar,589,9.279114216256565
complex_haar,590,9.278740449064637
complex_haar,591,9.27946257955899
complex_haar,592,9.279684204013163
complex_haar,593,9.278544609079006
complex_haar,594,9.278401726809474
complex_haar,595,9.27837601909573
complex_haar,596,9.278764958267919
complex_haar,597,9.278708444197767
complex_haar,598,9.278919799998677
complex_haar,599,9.278696053039129
complex_haar,600,9.277246083986334
complex_haar,601,9.278363634603473
complex_haar,602,9.27792018414261
complex_haar,603,9.278744838012377
complex_haar,604,9.278441999701387
complex_haar,605,9.279968281911136
complex_haar,606,9.277852664156566
complex_haar,607,9.27835978317363
complex_haar,608,9.2806077340648
complex_haar,609,9.278322399300082
complex_haar,610,9.278462604726263
complex_haar,611,9.278967743879077
complex_haar,612,9.279546017548418
complex_haar,613,9.278302831979328
complex_haar,614,9.279243453007542
complex_haar,615,9.278415125693734
complex_haar,616,9.278485929115767
complex_haar,617,9.280225181532632
complex_haar,618,9.278817978234597
complex_haar,619,9.27893466976516
complex_haar,620,9.2776202524971
complex_haar,621,9.278547170843735
complex_haar,622,9.279690256394446
complex_haar,623,9.279079897514523
complex_haar,624,9.277317256426175
complex_haar,625,9.278679353092604
complex_haar,626,9.278928394980777
complex_haar,627,9.2784955511464
complex_haar,628,9.278120101296237
complex_haar,629,9.278706628236831
complex_haar,630,9.278521429489192
complex_haar,631,9.279972434983007
complex_haar,632,9.279301164193981
complex_haar,633,9.27792138380819
complex_haar,634,9.278775534944211
complex_haar,635,9.278817886616423
complex_haar,636,9.27840468639054
complex_haar,637,9.279005759200688
complex_haar,638,9.278530725411612
complex_haar,639,9.279481649207703
complex_haar,640,9.279353148329053
complex_haar,641,9.277917402531655
complex_haar,642,9.279157964989606
complex_haar,643,9.280085422607149
complex_haar,644,9.27900169028961
complex_haar,645,9.279358087994463
complex_haar,646,9.278480638017005
complex_haar,647,9.27819112031811
complex_haar,648,9.278469813634954
complex_haar,649,9.278962720641323
complex_haar,650,9.27993175170549
complex_haar,651,9.279976902129386
complex_haar,652,9.279220808762954
complex_haar,653,9.279342440183168
complex_haar,654,9.27927025773573
complex_haar,655,9.278499557910482
complex_haar,656,9.278642178594897
complex_haar,657,9.278197171685212
complex_haar,658,9.277746401515776
complex_haar,659,9.278494207737076
complex_haar,660,9.279106973459028
complex_haar,661,9.278703803977605
complex_haar,662,9.27807990790266
complex_haar,663,9.279606348491622
complex_haar,664,9.278312366613358
complex_haar,665,9.278748694779384
complex_haar,666,9.278710987164676
complex_haar,667,9.280317189821496
complex_haar,668,9.280066885344775
complex_haar,669,9.280473607212663
complex_haar,670,9.2787086954403
complex_haar,671,9.2787123670819
complex_haar,672,9.279283159695504
complex_haar,673,9.277892176068915
complex_haar,674,9.279590607678688
complex_haar,675,9.278010271080577
complex_haar,676,9.279348267707928
complex_haar,677,9.27861856709641
complex_haar,678,9.277933507997352
complex_haar,679,9.27842203086516
complex_haar,680,9.277906528756727
complex_haar,681,9.278259785759788
complex_haar,682,9.279174039763303
complex_haar,683,9.277940257680946
complex_haar,684,9.277608209194076
complex_haar,685,9.278559160442954
complex_haar,686,9.278798620156138
complex_haar,687,9.27873357858805
complex_haar,688,9.278866223792473
complex_haar,689,9.279456284773243
complex_haar,690,9.279521683434057
complex_haar,691,9.277488792857566
complex_haar,692,9.27943494205713
complex_haar,693,9.278701130020387
complex_haar,694,9.27949028968967
complex_haar,695,9.278934645150157
complex_haar,696,9.278611397650305
complex_haar,697,9.278890967895618
complex_haar,698,9.277812495457114
complex_haar,699,9.278980711406234
complex_haar,700,9.279168794832946
complex_haar,701,9.277511969735516
complex_haar,702,9.278476548310408
complex_haar,703,9.278373144041947
complex_haar,704,9.279558790715313
complex_haar,705,9.277355384247777
complex_haar,706,9.278933238382285
complex_haar,707,9.278338618210691
complex_haar,708,9.278113633788534
complex_haar,709,9.279691520243045
complex_haar,710,9.2766016487235
complex_haar,711,9.27790466977128
complex_haar,712,9.278672544332313
complex_haar,713,9.279497771961028
complex_haar,714,9.278926575526732
complex_haar,715,9.27847217779926
complex_haar,716,9.277371526493118
complex_haar,717,9.281227590053446
complex_haar,718,9.278431435568276
complex_haar,719,9.279165588171972
complex_haar,720,9.277858685588358
complex_haar,721,9.279290286325711
complex_haar,722,9.278991103060923
complex_haar,723,9.278721358539224
complex_haar,724,9.279377963160384
complex_haar,725,9.279075427897647
complex_haar,726,9.278861950765407
complex_haar,727,9.278402894050815
complex_haar,728,9.279013850104468
complex_haar,729,9.279698821675648
complex_haar,730,9.278891086262517
complex_haar,731,9.279404022567311
complex_haar,732,9.279177216304026
complex_haar,733,9.279078137800571
complex_haar,734,9.278047067751622
complex_haar,735,9.278041846159132
complex_haar,736,9.278721197621374
complex_haar,737,9.278102771655474
complex_haar,738,9.278700691160372
complex_haar,739,9.277805202484458
complex_haar,740,9.278228240441692
complex_haar,741,9.278526675484185
complex_haar,742,9.278275726779038
complex_haar,743,9.278092941586895
complex_haar,744,9.277457133819272
complex_haar,745,9.279250532086582
complex_haar,746,9.27889050365588
complex_haar,747,9.280909795566458
complex_haar,748,9.278990917356145
complex_haar,749,9.27875607195316
complex_haar,750,9.27783457084662
complex_haar,751,9.278639728106056
complex_haar,752,9.27814619479096
complex_haar,753,9.278684283633094
complex_haar,754,9.276838593492105
complex_haar,755,9.278389620721928
complex_haar,756,9.277177258661265
complex_haar,757,9.27861055203469
complex_haar,758,9.279228544473641
complex_haar,759,9.279633256536096
complex_haar,760,9.278316261017773
complex_haar,761,9.278376781286726
complex_haar,762,9.279167545997002
complex_haar,763,9.278727977309872
complex_haar,764,9.279109151130298
complex_haar,765,9.279548121711393
complex_haar,766,9.279224280181516
complex_haar,767,9.278276939057243
complex_haar,768,9.278133852372212
complex_haar,769,9.278764111486973
complex_haar,770,9.279815070352917
complex_haar,771,9.279015183643885
complex_haar,772,9.279585325453116
complex_haar,773,9.279134334218178
complex_haar,774,9.278560827991162
complex_haar,775,9.278744871094986
complex_haar,776,9.27866468341649
complex_haar,777,9.278818395969884
complex_haar,778,9.279549289463548
complex_haar,779,9.279847364717488
complex_haar,780,9.278594211302918
complex_haar,781,9.279350597375593
complex_haar,782,9.279213591658644
complex_haar,783,9.278514217709095
complex_haar,784,9.277968064113933
complex_haar,785,9.278210502589012
complex_haar,786,9.279651804083692
complex_haar,787,9.28019473527621
complex_haar,788,9.27784328921586
complex_haar,789,9.278087838610404
complex_haar,790,9.277034673315523
complex_haar,791,9.27843635993856
complex_haar,792,9.279652773902255
complex_haar,793,9.277546264974404
complex_haar,794,9.278210691115492
complex_haar,795,9.278861130750814
complex_haar,796,9.279880427945901
complex_haar,797,9.279165516743184
complex_haar,798,9.28073800513971
complex_haar,799,9.279382269915795
complex_haar,800,9.277960559588143
complex_haar,801,9.279201119451656
complex_haar,802,9.280306074270218
complex_haar,803,9.276608034439484
complex_haar,804,9.279136515561255
complex_haar,805,9.280027454064134
complex_haar,806,9.279085630215146
complex_haar,807,9.279199674066303
complex_haar,808,9.280007147753702
complex_haar,809,9.27839000159676
complex_haar,810,9.277784533737798
complex_haar,811,9.279313842234181
complex_haar,812,9.279158208983981
complex_haar,813,9.277312355837163
complex_haar,814,9.27984046051611
complex_haar,815,9.277349114326107
complex_haar,816,9.27794022485458
complex_haar,817,9.278044562585567
complex_haar,818,9.277923884865295
complex_haar,819,9.279731598038895
complex_haar,820,9.278300713033731
complex_haar,821,9.280166354656197
complex_haar,822,9.278634766422076
complex_haar,823,9.278151601847947
complex_haar,824,9.279192296463252
complex_haar,825,9.279099075782606
complex_haar,826,9.278745901962104
complex_haar,827,9.279215736742778
complex_haar,828,9.278776131315912
complex_haar,829,9.278583835202355
complex_haar,830,9.27920112414314
complex_haar,831,9.279468934566665
complex_haar,832,9.276949938155408
complex_haar,833,9.27837991107446
complex_haar,834,9.277599237057766
complex_haar,835,9.278182894432637
complex_haar,836,9.277590649910461
complex_haar,837,9.279464742643166
complex_haar,838,9.279142536258572
complex_haar,839,9.278268353955388
complex_haar,840,9.277995780841334
complex_haar,841,9.278553011856305
complex_haar,842,9.277751562540956
complex_haar,843,9.280116398793442
complex_haar,844,9.278228444749676
complex_haar,845,9.27831548636405
complex_haar,846,9.277929346225667
complex_haar,847,9.27864768207492
complex_haar,848,9.278510713556388
complex_haar,849,9.278139811293153
complex_haar,850,9.279187696463167
complex_haar,851,9.277489950470217
complex_haar,852,9.279560899063796
complex_haar,853,9.2785937730509
complex_haar,854,9.278413093174963
complex_haar,855,9.280202804499659
complex_haar,856,9.277708366957238
complex_haar,857,9.278415664677897
complex_haar,858,9.27836641259593
complex_haar,859,9.279360277587799
complex_haar,860,9.279214230890956
complex_haar,861,9.277827760874965
complex_haar,862,9.278756384540925
complex_haar,863,9.2782781597296
complex_haar,864,9.279358443212738
complex_haar,865,9.278689675309485
complex_haar,866,9.278233355061555
complex_haar,867,9.279215631870615
complex_haar,868,9.27934385343859
complex_haar,869,9.279186774250412
complex_haar,870,9.277662432282714
complex_haar,871,9.277237687997536
complex_haar,872,9.2798318606334
complex_haar,873,9.2771978754844
complex_haar,874,9.27912708285598
complex_haar,875,9.279150798726477
complex_haar,876,9.279624837184137
complex_haar,877,9.278380672867538
complex_haar,878,9.279189191018391
complex_haar,879,9.279786614727904
complex_haar,880,9.277138129744886
complex_haar,881,9.278989461056199
complex_haar,882,9.279058055582775
complex_haar,883,9.279187974749444
complex_haar,884,9.278955865101608
complex_haar,885,9.278735827877078
complex_haar,886,9.280396592922362
complex_haar,887,9.278344192343422
complex_haar,888,9.279083526915876
complex_haar,889,9.27905555730725
complex_haar,890,9.27866226646574
complex_haar,891,9.27814561466596
complex_haar,892,9.27891204287958
complex_haar,893,9.278418381817035
complex_haar,894,9.27947732724396
complex_haar,895,9.27841567265987
complex_haar,896,9.27911574611813
complex_haar,897,9.279127446780166
complex_haar,898,9.27899939241471
complex_haar,899,9.278276547794222
complex_haar,900,9.278592606897385
complex_haar,901,9.279071507719975
complex_haar,902,9.278109111862168
complex_haar,903,9.279230497453451
complex_haar,904,9.279440243357342
complex_haar,905,9.278715564125894
complex_haar,906,9.279383962382605
complex_haar,907,9.278222449432423
complex_haar,908,9.27838629628067
complex_haar,909,9.279105985563772
complex_haar,910,9.279444453990415
complex_haar,911,9.279137709608454
complex_haar,912,9.278130506920464
complex_haar,913,9.278818422526923
complex_haar,914,9.277934592427917
complex_haar,915,9.2792015633068
complex_haar,916,9.278628273337805
complex_haar,917,9.279624127639801
complex_haar,918,9.27840247214268
complex_haar,919,9.280469968751365
complex_haar,920,9.278786109697798
complex_haar,921,9.279192055859426
complex_haar,922,9.279169315862582
complex_haar,923,9.278881294692907
complex_haar,924,9.278130253843745
complex_haar,925,9.277143884041095
complex_haar,926,9.279983089723313
complex_haar,927,9.278460317845651
complex_haar,928,9.279860181969275
complex_haar,929,9.278783194274931
complex_haar,930,9.279335461117366
complex_haar,931,9.277575762748791
complex_haar,932,9.27864275155388
complex_haar,933,9.278768158139338
complex_haar,934,9.27905562769774
complex_haar,935,9.27898821816165
complex_haar,936,9.279152629090706
complex_haar,937,9.279903793227264
complex_haar,938,9.278793588577186
complex_haar,939,9.278988565861631
complex_haar,940,9.277285158729125
complex_haar,941,9.277715975261469
complex_haar,942,9.278648613191955
complex_haar,943,9.278628224144493
complex_haar,944,9.28008752106744
complex_haar,945,9.278244957789894
complex_haar,946,9.278642940129409
complex_haar,947,9.279274327073585
complex_haar,948,9.279089206546931
complex_haar,949,9.279214720851758
complex_haar,950,9.280101662392202
complex_haar,951,9.278299543127675
complex_haar,952,9.27880605846107
complex_haar,953,9.278001771549684
complex_haar,954,9.278965441853472
complex_haar,955,9.279278362804495
complex_haar,956,9.27925303757651
complex_haar,957,9.278629126777979
complex_haar,958,9.27892564841742
complex_haar,959,9.27695179000519
complex_haar,960,9.278510027211233
complex_haar,961,9.278147432752863
complex_haar,962,9.278108133449722
complex_haar,963,9.279186240321373
complex_haar,964,9.277882560846226
complex_haar,965,9.278600742709736
complex_haar,966,9.279083526915876
complex_haar,967,9.278123971236363
complex_haar,968,9.279136110219088
complex_haar,969,9.279072064350238
complex_haar,970,9.278263134534582
complex_haar,971,9.278589586515501
complex_haar,972,9.279378292775899
complex_haar,973,9.277075742769874
complex_haar,974,9.278740437693994
complex_haar,975,9.278443464980787
complex_haar,976,9.278762079441785
complex_haar,977,9.277201456594524
complex_haar,978,9.279118499046408
complex_haar,979,9.278192101554309
complex_haar,980,9.27825551929948
complex_haar,981,9.279381704760734
complex_haar,982,9.279461547690676
complex_haar,983,9.278653709532602
complex_haar,984,9.278703283904298
complex_haar,985,9.278534440896554
complex_haar,986,9.27752186940225
complex_haar,987,9.279873646374954
complex_haar,988,9.278957303474941
complex_haar,989,9.279247774473566
complex_haar,990,9.277665266429182
complex_haar,991,9.279347370419282
complex_haar,992,9.278454446054011
complex_haar,993,9.278123797561534
complex_haar,994,9.278126759135217
complex_haar,995,9.278786545222497
complex_haar,996,9.276862948481597
complex_haar,997,9.279084963266476
complex_haar,998,9.279761387773192
complex_haar,999,9.279305569156879
