m,position_mean,position_std,position_sem,qft_mean,qft_std,qft_sem,delta_qft_minus_position
1,0.0,0.0,0.0,0.0,0.0,0.0,0.0
166,5.8416553250657755,0.067207462473799,0.006720746247379899,5.859940517059886,0.06111956796042511,0.0061119567960425105,0.01828519199411094
332,6.068346457040154,0.03465777839497863,0.0034657778394978633,6.072561388595567,0.03028283676271979,0.003028283676271979,0.004214931555412527
497,6.124277582622108,0.023444756016680526,0.0023444756016680526,6.126432188653836,0.01981331616572595,0.0019813316165725953,0.0021546060317279014
663,6.142495766569916,0.018994907661120435,0.0018994907661120434,6.143811213540407,0.01771771085042067,0.0017717710850420668,0.0013154469704907967
828,6.138219354242359,0.017473710225766225,0.0017473710225766226,6.13891976756645,0.015137871487621175,0.0015137871487621176,0.000700413324090654
994,6.129652956019393,0.015219292177776213,0.0015219292177776212,6.130130605983259,0.013622872128141492,0.0013622872128141491,0.0004776499638667886
1159,6.110449996713457,0.013898825043640253,0.0013898825043640252,6.112494280314,0.011840248534493803,0.0011840248534493803,0.0020442836005436504
1325,6.09270410806241,0.010279815875575998,0.0010279815875575999,6.092560834824155,0.009617866976636332,0.0009617866976636332,-0.00014327323825469307
1490,6.0629134972802525,0.012329187210176572,0.0012329187210176572,6.063090735719381,0.010207402662177754,0.0010207402662177755,0.00017723843912875736
1656,6.03554440130007,0.009862771024910713,0.0009862771024910714,6.0355080258653695,0.0092012164271629,0.00092012164271629,-3.6375434700808285e-05
1821,6.00516717772851,0.009445809108135523,0.0009445809108135523,6.005787561068811,0.008481661812614392,0.0008481661812614393,0.0006203833403004566
1987,5.973146083268022,0.009517934091542703,0.0009517934091542703,5.973179468294055,0.008313333295424104,0.0008313333295424105,3.338502603345006e-05
2152,5.9403044194855195,0.00998262174384568,0.000998262174384568,5.939078972810716,0.00985422673138798,0.000985422673138798,-0.0012254466748036208
2318,5.906491709569816,0.008918748990440768,0.0008918748990440768,5.907200265442265,0.007985634606456342,0.0007985634606456342,0.0007085558724488905
2483,5.867726850314933,0.00975958455779746,0.0009759584557797459,5.868250432736562,0.008725857886808542,0.0008725857886808542,0.0005235824216285323
2649,5.830541272403119,0.009290455311896807,0.0009290455311896807,5.830823122094195,0.008856575823002885,0.0008856575823002885,0.0002818496910759194
2814,5.793319251192081,0.009390423501164945,0.0009390423501164945,5.792591011132181,0.008282547095436913,0.0008282547095436913,-0.0007282400598995764
2980,5.7505452385480655,0.008742867461810574,0.0008742867461810574,5.750947322042862,0.008418337046241476,0.0008418337046241476,0.00040208349479620153
3145,5.710376136377712,0.008220915697818213,0.0008220915697818214,5.709848540813913,0.008231068190630148,0.0008231068190630148,-0.0005275955637991103
3311,5.666987741308126,0.008817309250502964,0.0008817309250502964,5.667107547594165,0.008123694726454956,0.0008123694726454956,0.00011980628603946997
3476,5.624579244550965,0.0074068302543504145,0.0007406830254350415,5.624716857545286,0.007655145237255919,0.0007655145237255919,0.00013761299432069052
3642,5.580244925501163,0.00894876901612072,0.000894876901612072,5.579676786984167,0.008166792400392768,0.0008166792400392768,-0.0005681385169964415
3807,5.53524957123988,0.009159347861509792,0.0009159347861509793,5.535104777934886,0.008679531190881077,0.0008679531190881077,-0.0001447933049938399
3973,5.489394524282688,0.007427600036148772,0.0007427600036148771,5.489718313884346,0.00831109849344921,0.000831109849344921,0.0003237896016576869
4138,5.44240407717528,0.008701970971924947,0.0008701970971924947,5.441659518713675,0.007548698520340083,0.0007548698520340083,-0.0007445584616050382
4304,5.394872474015744,0.008227856706193396,0.0008227856706193396,5.394195610014986,0.00792041770111275,0.000792041770111275,-0.0006768640007583926
4469,5.348592451775996,0.008826526857475774,0.0008826526857475774,5.347068613994566,0.007845474585603135,0.0007845474585603135,-0.0015238377814306148
4635,5.298228090154302,0.0075466870700552115,0.0007546687070055212,5.298361912356236,0.00617516393673356,0.000617516393673356,0.00013382220193403072
4800,5.249147031741741,0.007535443328895854,0.0007535443328895855,5.247833945070722,0.008246005886836136,0.0008246005886836137,-0.0013130866710184819
4966,5.195296727787357,0.008263329151678366,0.0008263329151678366,5.19530182410864,0.007094611832008212,0.0007094611832008213,5.096321282316296e-06
5131,5.14411947208867,0.008053618412136525,0.0008053618412136524,5.145154013215643,0.007371073372508295,0.0007371073372508295,0.0010345411269723215
5297,5.094213467601884,0.007109220765580187,0.0007109220765580187,5.093394710330651,0.007029235296009239,0.0007029235296009239,-0.0008187572712330393
5462,5.0421147400695645,0.007570842626689339,0.0007570842626689339,5.042760899949769,0.007366154292612212,0.0007366154292612212,0.0006461598802047774
5627,4.989044088442575,0.00771281116860373,0.000771281116860373,4.98911594270626,0.007211882372677287,0.0007211882372677287,7.185426368483405e-05
5793,4.934813000125668,0.007816161364257031,0.0007816161364257032,4.934982064268069,0.006600644423478644,0.0006600644423478644,0.000169064142401254
5958,4.8808924816746755,0.006810677564075251,0.0006810677564075251,4.8810219112691335,0.006665036617088267,0.0006665036617088267,0.00012942959445805258
6124,4.823443236727254,0.007039856707969877,0.0007039856707969877,4.82453928422673,0.006372248287978677,0.0006372248287978677,0.001096047499475894
6289,4.769630671556891,0.006865608301289222,0.0006865608301289222,4.769843809768343,0.006250932848276783,0.0006250932848276783,0.00021313821145163558
6455,4.712282763840941,0.007277677029036158,0.0007277677029036158,4.712867347868861,0.007090037531248712,0.0007090037531248712,0.0005845840279201653
6620,4.656010196496994,0.006617604057061329,0.0006617604057061329,4.6559042535853346,0.006784011978442493,0.0006784011978442494,-0.00010594291165944014
6786,4.598978755193833,0.006542801966509687,0.0006542801966509688,4.598517518015543,0.006695741694921958,0.0006695741694921958,-0.0004612371782899416
6951,4.54132710472567,0.0057778049694287405,0.0005777804969428741,4.541109759579844,0.0058122686393357915,0.0005812268639335792,-0.0002173451458258313
7117,4.480516711487867,0.0061518840081750655,0.0006151884008175066,4.481794017808656,0.005325110190099667,0.0005325110190099667,0.001277306320789151
7282,4.422979522996868,0.0067375923224568274,0.0006737592322456828,4.42230519368413,0.005690983766867304,0.0005690983766867304,-0.0006743293127380312
7448,4.36215714649586,0.0057685966831290784,0.0005768596683129078,4.36166680023684,0.005390204802168585,0.0005390204802168585,-0.0004903462590197805
7613,4.302213222084597,0.005901780933194518,0.0005901780933194518,4.301824149609801,0.005381801773454271,0.0005381801773454272,-0.00038907247479613716
7779,4.241377035015708,0.006158285594328645,0.0006158285594328645,4.241406048318981,0.0057390205039977655,0.0005739020503997765,2.9013303273650592e-05
7944,4.178795458658115,0.005458920933034785,0.0005458920933034785,4.178612382893832,0.0051503717994179085,0.0005150371799417908,-0.0001830757642826697
8110,4.116402734125362,0.005773910959599776,0.0005773910959599776,4.116745319162726,0.005526599072541876,0.0005526599072541876,0.00034258503736417367
8275,4.054144417378436,0.005730887776902725,0.0005730887776902724,4.053656526868829,0.0058068176963834315,0.0005806817696383432,-0.0004878905096070696
8441,3.9919048020558074,0.005649554139604966,0.0005649554139604965,3.9914199309311154,0.005182380623596579,0.0005182380623596579,-0.0004848711246920878
8606,3.927286299157722,0.0051577464498946575,0.0005157746449894658,3.927530026256778,0.004837789029932591,0.0004837789029932591,0.000243727099055846
8772,3.8636087130828525,0.00500912519093133,0.000500912519093133,3.8630801886924524,0.0048843055073662985,0.0004884305507366299,-0.0005285243904000758
8937,3.797616473390198,0.005269373290426898,0.0005269373290426898,3.797315390799097,0.004716073079458166,0.0004716073079458166,-0.00030108259110095403
9103,3.7314622081366213,0.006063522057836613,0.0006063522057836613,3.731938432656313,0.005454111943876743,0.0005454111943876742,0.00047622451969164814
9268,3.66607600257101,0.005965346705954367,0.0005965346705954367,3.6659598700016285,0.004897436268887666,0.0004897436268887666,-0.00011613256938147742
9434,3.599130136308892,0.0055123008139421024,0.0005512300813942103,3.5990000925455403,0.005271017564905869,0.0005271017564905868,-0.00013004376335157275
9599,3.531491134876975,0.005488990874533304,0.0005488990874533304,3.5316002699799918,0.004835645857701026,0.0004835645857701026,0.00010913510301691076
9765,3.4634458328451476,0.005198987198146058,0.0005198987198146058,3.4634943900820527,0.005042644008950693,0.0005042644008950693,4.855723690511127e-05
9930,3.3937497938310663,0.0051432921245578205,0.000514329212455782,3.3941118229766754,0.0045075598012837125,0.00045075598012837126,0.0003620291456090108
10096,3.3266761547912522,0.0040420271807515605,0.0004042027180751561,3.3268643935819178,0.003825937324700856,0.0003825937324700856,0.00018823879066554028
10261,3.255652632007042,0.004923130023091557,0.0004923130023091557,3.2561301850998716,0.004082153262970836,0.0004082153262970836,0.00047755309282981884
10427,3.1846896822579667,0.004784899338000579,0.0004784899338000579,3.184833603159952,0.004737027630628354,0.00047370276306283536,0.00014392090198533936
10592,3.114333684410902,0.004419051230884827,0.0004419051230884827,3.1143898248161763,0.004051897845336205,0.0004051897845336205,5.6140405274351934e-05
10758,3.042781557705776,0.005125140124848166,0.0005125140124848166,3.0422559395833058,0.004287537145129453,0.00042875371451294526,-0.0005256181224702061
10923,2.9699941726308445,0.004109537983092346,0.0004109537983092346,2.970152378407635,0.0035805717698719746,0.00035805717698719747,0.00015820577679059866
11088,2.8970356034263194,0.003756568673750991,0.0003756568673750991,2.8972681388568677,0.0035574774546577384,0.00035574774546577386,0.0002325354305483529
11254,2.822968226946912,0.003774899531026991,0.0003774899531026991,2.822835326293486,0.003586136706664217,0.0003586136706664217,-0.00013290065342586033
11419,2.7494562877411513,0.0036822660466879317,0.00036822660466879315,2.7496333095455423,0.0034114070594246457,0.00034114070594246456,0.0001770218043910532
11585,2.6737499231582285,0.0037798639290745196,0.000377986392907452,2.6740133386368625,0.003404929506945726,0.0003404929506945726,0.0002634154786340659
11750,2.597732433899202,0.004059707124997868,0.0004059707124997868,2.5978453790581555,0.0038596374759940887,0.0003859637475994089,0.00011294515895343693
11916,2.5215016017635876,0.0038442191886922054,0.00038442191886922054,2.521853593683026,0.003699706678503507,0.0003699706678503507,0.00035199191943835473
12081,2.4446243546703785,0.0031478301443289775,0.00031478301443289776,2.4449103489649464,0.0030474829919021353,0.00030474829919021354,0.0002859942945678817
12247,2.3668781593914066,0.003292622414072934,0.00032926224140729344,2.367025545204656,0.0028253512994032225,0.0002825351299403223,0.00014738581324946765
12412,2.2882545926599906,0.0029680808553173223,0.0002968080855317322,2.288276748716078,0.0029275341905293435,0.00029275341905293437,2.2156056087130338e-05
12578,2.2084527883029197,0.00392072123891444,0.00039207212389144396,2.20850148013575,0.0033364365619180654,0.0003336436561918065,4.86918328301833e-05
12743,2.1286066204485223,0.003218408490546068,0.0003218408490546068,2.1284224194297137,0.0028303794500286242,0.0002830379450028624,-0.0001842010188086718
12909,2.0467193737253346,0.0033978296922561055,0.00033978296922561053,2.046911812837826,0.0027740970750573177,0.0002774097075057318,0.0001924391124914493
13074,1.9654652892165103,0.0028384773404851603,0.00028384773404851603,1.965505956298227,0.0027515145109255133,0.00027515145109255134,4.066708171679423e-05
13240,1.8823850305822074,0.002593807942239047,0.00025938079422390466,1.882049826678525,0.0023514952826597323,0.00023514952826597324,-0.0003352039036823573
13405,1.7983789267144843,0.002860653264814359,0.0002860653264814359,1.7985871395668593,0.002461821809399685,0.00024618218093996853,0.00020821285237504483
13571,1.7139393527055404,0.002687733646832279,0.0002687733646832279,1.7137605144551091,0.0023924542178910997,0.00023924542178910998,-0.0001788382504313013
13736,1.6280579871959608,0.0023866096455101783,0.00023866096455101783,1.6279917234249828,0.002362877874447697,0.00023628778744476972,-6.626377097807001e-05
13902,1.5408489518379798,0.002535652736332708,0.0002535652736332708,1.5410340089208754,0.00229437764166088,0.000229437764166088,0.00018505708289562328
14067,1.4528975538660092,0.0025525890615399993,0.00025525890615399994,1.4529933631670746,0.0023868928043657665,0.00023868928043657665,9.58093010654526e-05
14233,1.3637035924895822,0.0021922112776755712,0.00021922112776755713,1.3636672063644264,0.00192751982729875,0.000192751982729875,-3.6386125155773996e-05
14398,1.273260182968516,0.0020854741160355214,0.00020854741160355214,1.2732419097954777,0.0020056823689201626,0.00020056823689201627,-1.827317303826348e-05
14564,1.1810513190062712,0.0019674562987374174,0.00019674562987374175,1.1811033466308638,0.001931504212572034,0.00019315042125720342,5.202762459255439e-05
14729,1.0884809151499055,0.0020656292099108142,0.00020656292099108142,1.0882886242230283,0.0018270194963597123,0.00018270194963597122,-0.0001922909268772255
14895,0.9929286574502229,0.0018065956139743848,0.00018065956139743847,0.9930140955576637,0.0015465709964794345,0.00015465709964794345,8.543810744088276e-05
15060,0.896451564956459,0.001656227446091145,0.0001656227446091145,0.8965347664587553,0.0016027234161735428,0.0001602723416173543,8.320150229634837e-05
15226,0.7975670492426485,0.0015624947281548873,0.00015624947281548873,0.7976017281568191,0.0012939319486531076,0.00012939319486531076,3.4678914170527264e-05
15391,0.6974082699348939,0.0013553027507085106,0.00013553027507085105,0.6973086006644238,0.0012796177948646659,0.0001279617794864666,-9.96692704701152e-05
15557,0.5933329270587886,0.0013085641764254365,0.00013085641764254365,0.5933779916733437,0.0011583764634918474,0.00011583764634918474,4.506461455511257e-05
15722,0.4873961594496538,0.0012695863497059786,0.00012695863497059787,0.48750228641901105,0.0011359992926413907,0.00011359992926413906,0.0001061269693572453
15888,0.3767775046303774,0.0011760480397232942,0.00011760480397232942,0.3768459412054914,0.0009977932599362093,9.977932599362094e-05,6.843657511401702e-05
16053,0.2615833259443044,0.0008203805534758141,8.20380553475814e-05,0.26176620334869094,0.0007912197102440965,7.912197102440965e-05,0.00018287740438654998
16219,0.13825834724322053,0.0007668801733745137,7.668801733745138e-05,0.13830899936046953,0.0006795988884174126,6.795988884174126e-05,5.065211724900043e-05
16384,0.0,0.0,0.0,0.0,0.0,0.0,0.0
