m,order,mean,std,sem,count,minimum,maximum
1,1.0,0.0,0.0,0.0,200,-0.0,-0.0
1,2.0,0.0,0.0,0.0,200,-0.0,-0.0
1,inf,0.0,0.0,0.0,200,-0.0,-0.0
166,1.0,5.845184702942237,0.0668228791075545,0.004725091095536065,200,5.673495158088649,6.093226176069306
166,2.0,5.536081792853583,0.07834751070768534,0.005540005611048994,200,5.290647244056553,5.790076930625769
166,inf,4.3998638669773005,0.15700840209884512,0.011102170582735753,200,3.954306393918191,4.759697059809098
332,1.0,6.0672669781693,0.03381635831363406,0.002391177627860473,200,5.9652442962927195,6.1574995125544465
332,2.0,5.729404016652885,0.043687265214489394,0.003089156148466062,200,5.627250867886183,5.835693730538407
332,inf,4.463796125702296,0.08987499330508046,0.006355121722511795,200,4.201022615823555,4.685177818371344
497,1.0,6.123491899988852,0.023794061428181214,0.0016824942187836204,200,6.065900529269569,6.185451043240554
497,2.0,5.762162786251947,0.03390211439347778,0.0023972414984190196,200,5.673710859247773,5.8484513813076
497,inf,4.27448221995618,0.061269306856006255,0.004332394235648145,200,4.107094147876219,4.436785605841468
663,1.0,6.142772758262526,0.018102838770243216,0.0012800640053165719,200,6.089748915449831,6.203828173324916
663,2.0,5.750952251056784,0.028106948990982546,0.0019874614229988146,200,5.654790704240798,5.846184375229824
663,inf,4.0695633003031935,0.046571529697398015,0.0032931044459260815,200,3.905486184014234,4.22380615876687
828,1.0,6.139289014971607,0.016329593118194066,0.0011546766027892203,200,6.087711876007862,6.1736323494364465
828,2.0,5.701815108239398,0.02665484873962294,0.001884782429528908,200,5.616103583641118,5.756024288165781
828,inf,3.86432932871292,0.03693325321934135,0.0026115753802676157,200,3.7557390802343305,3.941356103555099
994,1.0,6.129420576751466,0.014452890511561118,0.0010219736888471575,200,6.088984422257434,6.170999150592187
994,2.0,5.637331193797922,0.024039939280467063,0.0016998804084531111,200,5.5797911168335,5.693825755429345
994,inf,3.6812384097354958,0.031034448414353807,0.0021944668924173674,200,3.6060624771734235,3.751152104409746
1159,1.0,6.111151626984097,0.013502019129512172,0.0009547369286188542,200,6.069091189210613,6.144100316876927
1159,2.0,5.556653794966974,0.023783107236379206,0.0016817196404530586,200,5.489616597313197,5.612338235991975
1159,inf,3.5181936330808026,0.026750396761052616,0.0018915386949170962,200,3.4428354729958937,3.598260339402642
1325,1.0,6.091655919954501,0.011712776506300914,0.0008282183694127854,200,6.05609526631628,6.119302932021526
1325,2.0,5.468829174581877,0.020801674931957434,0.0014709005404425315,200,5.413091524932604,5.514396506148372
1325,inf,3.371561582492686,0.02241567539678314,0.0015850276077941812,200,3.3009603945176442,3.4197362307628203
1490,1.0,6.063697481715601,0.012543164079900252,0.000886935637843299,200,6.028073039021882,6.093561564320622
1490,2.0,5.3633118184188495,0.021968570917380206,0.0015534125468657117,200,5.2861536218692775,5.413086719362747
1490,inf,3.2284547650841375,0.020722295844912697,0.0014652875913691585,200,3.148769978340769,3.2790043460935103
1656,1.0,6.036113839683512,0.01034432998089292,0.0007314545876320693,200,6.003178187150218,6.064993480994225
1656,2.0,5.257903303809156,0.019065772460899612,0.0013481536995661844,200,5.192832676135515,5.314087661026542
1656,inf,3.1020016879387895,0.017181578676292594,0.0012149210793496678,200,3.043113818835948,3.148420640576619
1821,1.0,6.004785645985135,0.010283393635930426,0.0007271457373576991,200,5.98050487063596,6.032702140906053
1821,2.0,5.1477375668196865,0.018842654766284207,0.0013323768960796583,200,5.093831881008863,5.197011220867973
1821,inf,2.9854814905108866,0.015986239717935873,0.0011303978510226176,200,2.9380907193308317,3.0269410159666825
1987,1.0,5.97262681969999,0.00935378501558898,0.0006614124814284083,200,5.947965279480872,5.99560839852531
1987,2.0,5.036104782568945,0.01688198776975357,0.001193736803190111,200,4.9920389234305755,5.077405030219404
1987,inf,2.877437308585388,0.013567162410070043,0.000959343254161975,200,2.841595001590964,2.910262954190718
2152,1.0,5.939831017925149,0.009768765312437583,0.0006907560196244537,200,5.912076115557625,5.969620870419388
2152,2.0,4.924734084714693,0.017038682571552347,0.0012048167988829705,200,4.877437868539909,4.970555819330466
2152,inf,2.777749254719369,0.012956105003738245,0.0009161349705908272,200,2.7383747152619513,2.81403715857147
2318,1.0,5.905186928509256,0.009746410521975245,0.0006891752972316614,200,5.875789810541489,5.9302152795098735
2318,2.0,4.8133504770909905,0.017454843015250507,0.0012342437860630277,200,4.75161870460206,4.850479786388622
2318,inf,2.6844211003790206,0.012743666604612486,0.0009011133073302033,200,2.636338636981301,2.7120003621909334
2483,1.0,5.867182113392562,0.009558540673601632,0.0006758908928551143,200,5.841465845577815,5.892020799872546
2483,2.0,4.698909564259055,0.015174463483524765,0.0010729966030068002,200,4.650990763979997,4.740910576493584
2483,inf,2.594617009025748,0.01064424176592305,0.000752661553327326,200,2.5593740429890763,2.622508957905336
2649,1.0,5.830070787946169,0.009099941979736835,0.0006434630682276052,200,5.806070416764184,5.853389129505712
2649,2.0,4.58784924317584,0.014315543121257115,0.001012261761740934,200,4.54343899255143,4.624288643029761
2649,inf,2.5108961557286533,0.009730722791113689,0.0006880660071442978,200,2.47806634938026,2.5348056648655897
2814,1.0,5.791164087496748,0.009913619084701442,0.0007009987280892764,200,5.76182354277145,5.817411547611829
2814,2.0,4.479243701929759,0.014845917497127003,0.001049764893515452,200,4.43595204077296,4.5146671863261965
2814,inf,2.4328558495716743,0.009606110846413607,0.0006792546120328707,200,2.4039188366819073,2.45682776809103
2980,1.0,5.750931537460634,0.008853068629164594,0.0006260064861992176,200,5.7231806361455115,5.771713978673193
2980,2.0,4.371250644584639,0.01422536754215801,0.001005885385393094,200,4.3169071319753645,4.406249976618951
2980,inf,2.3580024918554328,0.009166284748915099,0.0006481542104244696,200,2.3227233507269776,2.3819692800098062
3145,1.0,5.710398341094654,0.008525393057124048,0.0006028363242973126,200,5.688049875975636,5.735466961699271
3145,2.0,4.264866370052297,0.01209167086284202,0.0008550102462991384,200,4.2304778787500945,4.30159994548671
3145,inf,2.286450724195959,0.00746280275396973,0.0005276998433989638,200,2.2646094642051735,2.309350595351985
3311,1.0,5.66656477271858,0.008897224364864566,0.0006291287682133908,200,5.642827200532268,5.699293151322419
3311,2.0,4.159655202755763,0.01197226325820159,0.0008465668536024895,200,4.132349726693077,4.198477466844516
3311,inf,2.218042657163322,0.007381014319528689,0.0005219165277373746,200,2.200958533559155,2.2418385755096293
3476,1.0,5.6247322816370025,0.008029376636943416,0.0005677626668683525,200,5.6045071221239215,5.64406912003333
3476,2.0,4.058731669250868,0.011458159087945327,0.0008102141991000407,200,4.0291342202205485,4.086679054523101
3476,inf,2.153530027591753,0.007028476958553989,0.0004969883718806927,200,2.135660763526789,2.1720089650805905
3642,1.0,5.580750627468096,0.008793525838605019,0.000621796175101673,200,5.557772714951766,5.605746631523023
3642,2.0,3.9590854419582864,0.011719764587274013,0.0008287125013571414,200,3.92903859154469,3.988394445705113
3642,inf,2.0915014395747566,0.006917604757603002,0.0004891485233669406,200,2.0741139641826605,2.107885473572287
3807,1.0,5.53408957715947,0.008888959043339847,0.0006285443217235092,200,5.512679509187414,5.557367319648755
3807,2.0,3.859398991355566,0.011656403078958346,0.0008242321661375198,200,3.829066752600861,3.8852620754424008
3807,inf,2.0306753496423156,0.006828721923594019,0.0004828635579010576,200,2.010712790229979,2.0463665737127985
3973,1.0,5.488766374007027,0.007943025135882433,0.0005616566936717666,200,5.47025370731284,5.508880093834104
3973,2.0,3.764821104553157,0.010849168966912317,0.0007671520946742349,200,3.736224454166861,3.7906482059941946
3973,inf,1.973910997838467,0.006375848997983515,0.00045084060622955976,200,1.957007443692986,1.9886452958299987
4138,1.0,5.44142676688596,0.00887600706041595,0.0006276284782279792,200,5.420914075619147,5.463416356193676
4138,2.0,3.6715313479873477,0.01068211964044548,0.0007553399235205004,200,3.6466429882691553,3.695996576663077
4138,inf,1.9188164175001816,0.006079729974707459,0.0004299018292898761,200,1.9047790197573795,1.9325051456482494
4304,1.0,5.393932311343021,0.00806381493161408,0.0005701978220377652,200,5.369871078696772,5.412153723008299
4304,2.0,3.579413806646849,0.008995779473832892,0.000636097666800599,200,3.551296465192756,3.602340693414207
4304,inf,1.8650102586583444,0.0051246437589080405,0.0003623670353089194,200,1.849828097615993,1.878206993689184
4469,1.0,5.34731382082791,0.008172789491985907,0.0005779034870993393,200,5.325885588452934,5.37688365217024
4469,2.0,3.492804986013889,0.009753154855480216,0.0006896521936272563,200,3.463011595416859,3.5214777554407295
4469,inf,1.8150540254344074,0.005506211865278572,0.0003893479748588307,200,1.79878464585985,1.8320469450807897
4635,1.0,5.297249420274177,0.008047848259255145,0.0005690688078079665,200,5.274236759239598,5.319502515261481
4635,2.0,3.405207046343418,0.008878464193426373,0.0006278022237693739,200,3.381166411581757,3.428509140598308
4635,inf,1.765185902947536,0.004940715538211313,0.00034936134609829625,200,1.7523489297794288,1.778117125947145
4800,1.0,5.248305428300873,0.007694646967689144,0.0005440937049689499,200,5.227863434246238,5.265252739612831
4800,2.0,3.3208080174273844,0.0080938492054634,0.0005723215659084519,200,3.299689760300801,3.3399854027864753
4800,inf,1.7175092974005415,0.004480131775165827,0.00031679315588290814,200,1.7060027096492532,1.7278004422449802
4966,1.0,5.195600552991119,0.008012046101761403,0.0005665372129734732,200,5.168686498753717,5.216885983894497
4966,2.0,3.235982899835858,0.008391308879990395,0.0005933551412072102,200,3.2087267651095517,3.2587872877286657
4966,inf,1.6701526961514381,0.004587896389202849,0.00032441326481866104,200,1.6553029619007535,1.6819693782949705
5131,1.0,5.1455303068337965,0.007870880413905337,0.0005565552914580844,200,5.12621051029407,5.16763985501672
5131,2.0,3.1559929196829497,0.008256448532445339,0.0005838190745809818,200,3.129016158102562,3.17604517362942
5131,inf,1.6257599053509002,0.0045128703884430195,0.00031910812542840277,200,1.6108427380728632,1.6362550782426966
5297,1.0,5.0945945294100365,0.007031995024356462,0.0004972371366992516,200,5.074864597870955,5.1133618015679065
5297,2.0,3.077184731065017,0.007268424790134587,0.0005139552457648574,200,3.0577441337304005,3.096167495603413
5297,inf,1.582310623066097,0.003998289732724868,0.0002827217783158303,200,1.5712097013319788,1.5925449728852636
5462,1.0,5.041822789929437,0.007067565118238829,0.0004997523221584179,200,5.02110703875636,5.065983134604562
5462,2.0,3.000631175919691,0.006969117314408771,0.0004927910111903023,200,2.9817377875244637,3.019581813832548
5462,inf,1.540505380905281,0.003776646678752685,0.0002670492476691676,200,1.5303501687593677,1.5501744507992634
5627,1.0,4.988648960190769,0.007481056289136004,0.0005289905632486337,200,4.962213659059381,5.005265430356679
5627,2.0,2.9249958113296373,0.00732012625421812,0.0005176110913499314,200,2.906898637655922,2.9453453825980196
5627,inf,1.4994091013874367,0.003971019333744239,0.0002807934699113437,200,1.4899950219455813,1.5102976671505572
5793,1.0,4.9350381690865515,0.007541302682393821,0.0005332506265700971,200,4.915320666781384,4.9538460286650094
5793,2.0,2.850856536404101,0.006977623265580968,0.0004933924727657324,200,2.832836992343332,2.8679672659669784
5793,inf,1.4593084672684455,0.0037296029966265402,0.00026372275700482946,200,1.4498662791247,1.468826119987714
5958,1.0,4.880610511233694,0.0071222728232968645,0.000503620741081387,200,4.8600164361322715,4.901414757845122
5958,2.0,2.778620649523899,0.006656476969293643,0.00047068400037996133,200,2.753279164355547,2.799326475588383
5958,inf,1.420482697825605,0.0035650600137710794,0.0002520878111074537,200,1.40690371442106,1.4314685488010324
6124,1.0,4.824196749078558,0.00752864783571391,0.000532355793779873,200,4.7997342744204285,4.841819477492215
6124,2.0,2.70624357568327,0.006258442270167295,0.00044253869688998254,200,2.6823987890605916,2.721482707161384
6124,inf,1.381762615147739,0.003310534643300321,0.00023409014956306452,200,1.3692054507381495,1.3901833138523338
6289,1.0,4.769433271531763,0.007512191124767674,0.000531192128589262,200,4.74846924212906,4.788400697816938
6289,2.0,2.638001210624885,0.0062558505246225506,0.00044235543280500263,200,2.6177766450167224,2.6520873425016607
6289,inf,1.345397299115683,0.0032999925328721863,0.00023334470978588937,200,1.334778954360129,1.3529280580273106
6455,1.0,4.712822683717585,0.007198610139106055,0.0005090186044480128,200,4.697274623767295,4.73178056755744
6455,2.0,2.5701227292262705,0.006031892918042911,0.0004265192385739254,200,2.555793300379799,2.586648134443608
6455,inf,1.309403904025154,0.003163388179105176,0.00022368532329706346,200,1.3019854889647338,1.3181561404252922
6620,1.0,4.65634668143636,0.006496326607233436,0.00045935965967773594,200,4.637753716577953,4.673905919314197
6620,2.0,2.5045503574056918,0.005184559938131835,0.0003666037489721128,200,2.4929950458305052,2.520003312227499
6620,inf,1.2747584114852273,0.002717410567878641,0.0001921499439814974,200,1.2687028258787736,1.2827368998241282
6786,1.0,4.598562023775659,0.00686821466347382,0.00048565611631872196,200,4.577103935284295,4.617136246630429
6786,2.0,2.438860885711017,0.005511107809075519,0.0003896941703647436,200,2.421712506504493,2.450928123000355
6786,inf,1.2401394868031472,0.0028851102662806314,0.00020400810337579603,200,1.231021044455596,1.2463999599719848
6951,1.0,4.541004272067373,0.006104849426122609,0.00043167804273341,200,4.526103841592115,4.560109456267696
6951,2.0,2.375397078307568,0.004677747036120047,0.00033076666499157594,200,2.3616543329610944,2.3885264295175594
6951,inf,1.2068125548316053,0.002442617167567538,0.00017271911630296837,200,1.1996143443082663,1.2138372426265593
7117,1.0,4.4810028697038,0.0064311531945909686,0.0004547512034744802,200,4.459085708377694,4.497603654947507
7117,2.0,2.3124594332113797,0.004613243155851753,0.0003262055518765203,200,2.2995226085501668,2.3239427695702704
7117,inf,1.1738938503358773,0.0023936995756419243,0.0001692601202059766,200,1.1674016624527663,1.1798555827548722
7282,1.0,4.422941093757739,0.006537627730678291,0.00046228009012358397,200,4.404329655732048,4.4441870939532375
7282,2.0,2.2516290142081687,0.004665876200280866,0.0003299272701395522,200,2.2393716399363037,2.262108396837489
7282,inf,1.1421170835285197,0.0024323631162025045,0.0001719940453774833,200,1.1357496236833886,1.1474578088569376
7448,1.0,4.362006018951148,0.006174576454925398,0.00043660848822325415,200,4.345016841487747,4.385744865682418
7448,2.0,2.1907057028248116,0.0044234464762517335,0.0003127848999573339,200,2.1779414590294564,2.2056259858539473
7448,inf,1.110402903823822,0.002299653928905262,0.00016261008875111975,200,1.103773546289933,1.1179934024075717
7613,1.0,4.30237449760572,0.006239677522742602,0.00044121182887485715,200,4.28609870540537,4.315014087530475
7613,2.0,2.132225579564356,0.004057694782035969,0.0002869223496362903,200,2.1217737898322686,2.1416033250651645
7613,inf,1.0800215324105191,0.0020978583093655234,0.00014834098365209078,200,1.0747743560101668,1.085067935636228
7779,1.0,4.241535788571859,0.006169118408157656,0.00043622254603510374,200,4.2270234670740905,4.257999935727842
7779,2.0,2.0743724033392903,0.004201010880462661,0.0002970563281413616,200,2.0629062481071516,2.085200667165076
7779,inf,1.0500300883454876,0.0021691332238026584,0.00015338088118478969,200,1.044112677923864,1.0556062544478328
7944,1.0,4.179019482247155,0.005525375003452556,0.00039070301335399456,200,4.163479688648057,4.1957736723500725
7944,2.0,2.0169529248352904,0.003840627083900358,0.00027157334550346584,200,2.00387071616169,2.025996857854332
7944,inf,1.0203447529361742,0.0019880747672441513,0.00014057811494242063,200,1.0136403336833404,1.0250515345286035
8110,1.0,4.11688826668084,0.005702761580831993,0.0004032461385296418,200,4.09935635737996,4.128004135768627
8110,2.0,1.9614997849807219,0.0037291269196931885,0.00026368909328203553,200,1.9503114930966616,1.972631780853739
8110,inf,0.9917330651303681,0.0019274536187355712,0.00013629155242304728,200,0.9859208193119291,0.9975782360165913
8275,1.0,4.053910054345454,0.005753912762047247,0.0004068630732399426,200,4.03601759758045,4.068747640690384
8275,2.0,1.9064927691965303,0.003745563831772043,0.00026485135848130804,200,1.8970022647244698,1.9162303798043139
8275,inf,0.9633952548305896,0.0019231356557671425,0.00013598622633345843,200,0.9585417103030638,0.9683821498440814
8441,1.0,3.9913571921726914,0.005356181707223171,0.0003787392406444843,200,3.9753361571766432,4.004170380413736
8441,2.0,1.8530478796207297,0.0032859761378423134,0.00023235360098854813,200,1.8435988972715296,1.8613220627735445
8441,inf,0.9358965375294794,0.0016900087362576772,0.0001195016637672311,200,0.9310549330912754,0.9401778209138736
8606,1.0,3.9266744611923277,0.005529737291257434,0.0003910114736828262,200,3.9131941973746356,3.9404572803935864
8606,2.0,1.8002300567923768,0.003506571951946116,0.00024795208059396473,200,1.7884210539921392,1.8078505588766793
8606,inf,0.9087928151984138,0.0018061963257923444,0.00012771736701219934,200,0.9026682245183437,0.9127822444055126
8772,1.0,3.8628871398635063,0.005284398483392597,0.00037366340020988123,200,3.8489949555847103,3.8752597378483813
8772,2.0,1.7477732535075352,0.003288999571781944,0.00023256739005266637,200,1.7382789443014017,1.7562950217996844
8772,inf,0.8818731467909838,0.0016873641081342977,0.00011931466031925528,200,0.8769852021530208,0.8861788819308677
8937,1.0,3.797810695705231,0.0051424231180212995,0.00036362422584833304,200,3.781110793084402,3.812051030510046
8937,2.0,1.6970253766793773,0.003081105106627832,0.00021786703144450407,200,1.6859174936336225,1.7042085648164762
8937,inf,0.8558992253573113,0.0015757438776235458,0.00011142191812807945,200,0.8502687761668685,0.8595930510324736
9103,1.0,3.7314991159476314,0.005833686212991526,0.00041250390805207775,200,3.7149466936138196,3.7479334135139086
9103,2.0,1.6464461640600667,0.003132599060408769,0.00022150820383536477,200,1.6369096969581032,1.654547958519688
9103,inf,0.8300430302923343,0.001592127721583845,0.00011258043084470243,200,0.8251859286376132,0.8340937640022152
9268,1.0,3.665841473084009,0.006019415356637057,0.00042563694174565034,200,3.6485605544859023,3.677210511572293
9268,2.0,1.5974084577890908,0.0032485279846659887,0.00022970561668315894,200,1.5851955790315557,1.6049075756829416
9268,inf,0.8050003428309692,0.0016520172180998444,0.00011681525775553356,200,0.7987940633865893,0.808871906594223
9434,1.0,3.5986555567614245,0.00531658499082235,0.0003759393299765102,200,3.5863362321836707,3.611532828214875
9434,2.0,1.5482438605354911,0.0029788851651850554,0.00021063899006783614,200,1.5406040496801203,1.55582101288016
9434,inf,0.7799193229847586,0.001518986366031103,0.0001074085559950504,200,0.7760378529065353,0.7837692949665618
9599,1.0,3.5320329416974268,0.005374114688873826,0.00038000729393769154,200,3.5173642711337094,3.5431042499182626
9599,2.0,1.5006290180479578,0.0028145937628713375,0.00019902183360116842,200,1.493398762939109,1.5079568928770444
9599,inf,0.7556558220156998,0.0014315936340259141,0.00010122895665232164,200,0.752025128744805,0.759404907337393
9765,1.0,3.4631376962970615,0.005286386760818173,0.00037380399265493175,200,3.4437139711556224,3.479394859245425
9765,2.0,1.4528669254617592,0.0026615009295793573,0.00018819653554398634,200,1.442665013967033,1.4604558498863096
9765,inf,0.7313479216633371,0.0013496873161800464,9.543730537523825e-05,200,0.7262151399466302,0.7351495156562298
9930,1.0,3.394121683331828,0.0053340146461474496,0.0003771717927239224,200,3.381515306886894,3.4077380101667623
9930,2.0,1.4065220426656184,0.002736965995600818,0.00019353272153663288,200,1.3988127225133655,1.4121534789667862
9930,inf,0.7077926679144173,0.001388550697757659,9.818536144057529e-05,200,0.7038901849537198,0.7107023098242528
10096,1.0,3.326034503061389,0.004219908976723324,0.00029839262534310474,200,3.3158228165664454,3.337303502801426
10096,2.0,1.361193199687065,0.002102584738680324,0.0001486751926740202,200,1.3542699202170008,1.3660885024512432
10096,inf,0.6847611204191851,0.0010674069723776841,7.547707084540622e-05,200,0.6812272004805969,0.6872572472772067
10261,1.0,3.255259286935842,0.004602006287672576,0.0003254109853076408,200,3.2436856769589757,3.26568459582321
10261,2.0,1.3158800577507839,0.002188751754568064,0.0001547681207989032,200,1.31048796616661,1.3224972453213844
10261,inf,0.6617683121624834,0.0011092525600630877,7.843600072691474e-05,200,0.6590134317371783,0.6651384615473493
10427,1.0,3.185060091744855,0.004465069017775571,0.00031572805809350633,200,3.1713270915495673,3.1965241698654503
10427,2.0,1.2714221242529866,0.0022872327886299835,0.00016173178149924786,200,1.264533307054677,1.2779958522868475
10427,inf,0.6392226542302243,0.001159867908901052,8.201504636645947e-05,200,0.6357659807468874,0.6425821507152365
10592,1.0,3.114147312124242,0.00451993446413862,0.00031960763101112016,200,3.100656689708237,3.125632540695087
10592,2.0,1.2277499729378354,0.0020478468922827796,0.00014480464243649507,200,1.2223888635907942,1.2331463736611195
10592,inf,0.617096239199477,0.0010356375328041856,7.323063222971452e-05,200,0.6143532999212186,0.6198615531414082
10758,1.0,3.0424921686299404,0.0046753515456744105,0.0003305972782377382,200,3.029692154272649,3.05571049632084
10758,2.0,1.18462855386403,0.002073960371130765,0.00014665114423387327,200,1.1788352682129764,1.1895056887247235
10758,inf,0.595263207768986,0.0010469062248632637,7.402744908672222e-05,200,0.5923657125513431,0.5977401571957399
10923,1.0,2.970465212272664,0.004216636991443299,0.0002981612610451599,200,2.9589788486356463,2.980678235709591
10923,2.0,1.1421942200102422,0.0018557732364817374,0.0001312229839860743,200,1.1365341554767407,1.1492530076735294
10923,inf,0.5737936298417924,0.0009387236310647501,6.637778451859435e-05,200,0.5709405257728385,0.5773828541361672
11088,1.0,2.897159196997319,0.0037646340873403886,0.0002661998291844418,200,2.887446154349741,2.9090904578840666
11088,2.0,1.1004445965978618,0.0017118810641647668,0.00012104827090557497,200,1.095527893298069,1.1046369394502256
11088,inf,0.5526901309746104,0.0008660751722781644,6.124076273351974e-05,200,0.5501930190102488,0.5547745497553769
11254,1.0,2.8231529702762233,0.003670214785365752,0.0002595233763143252,200,2.8120924841595833,2.833028929375538
11254,2.0,1.0589104774236233,0.0017128073850894898,0.00012111377168631765,200,1.052578746875871,1.0628879436996213
11254,inf,0.5317069000328596,0.0008664982694663067,6.127068022260338e-05,200,0.5284994677387292,0.5337209410869149
11419,1.0,2.7493697425039683,0.0038196339608100563,0.00027008890753392223,200,2.739436336779893,2.760062869009272
11419,2.0,1.0182608470727936,0.0017108592820569697,0.00012097601999984315,200,1.0129428824162983,1.0231550272431127
11419,inf,0.5111782859080651,0.000864326837491623,6.111713679518497e-05,200,0.5084673297910095,0.5136414617040239
11585,1.0,2.6740654668089645,0.0037193978182993976,0.0002630011419249954,200,2.6625379713290394,2.684669054680293
11585,2.0,0.9779362576210755,0.0014360774406022396,0.0001015460096558865,200,0.9740061984817138,0.9811695485902756
11585,inf,0.49082971091409233,0.0007234269989100277,5.115401366227137e-05,200,0.4888439332504581,0.49248809776594754
11750,1.0,2.5979894253400913,0.004042616397470915,0.00028585614683876155,200,2.5861546485583973,2.6088875389751767
11750,2.0,0.9381616317431825,0.001589950233004579,0.0001124264591506669,200,0.9323942674790747,0.9418883871610002
11750,inf,0.47077068520725157,0.0007992435396920743,5.651505267358053e-05,200,0.46786762912085716,0.4726407569119545
11916,1.0,2.5216820883759055,0.004097099072896772,0.00028970865376384244,200,2.51072296528335,2.532492318485523
11916,2.0,0.8990550734518269,0.0015918452889862357,0.00011256045984420267,200,0.8945676096020089,0.9030108720717321
11916,inf,0.45105707802402023,0.0008003720539898547,5.659485068484318e-05,200,0.44880536831908224,0.453035593080085
12081,1.0,2.445002250981212,0.003347387205395473,0.00023669601921922254,200,2.436915506876388,2.453369809624649
12081,2.0,0.8605580394607887,0.0012561342905556656,8.88221074932864e-05,200,0.8570196158104291,0.8637795490277492
12081,inf,0.4316605043066523,0.0006316391691150886,4.466363397443156e-05,200,0.42985727323887857,0.43328299992584723
12247,1.0,2.3670391991972806,0.003531289864167373,0.0002496999009288072,200,2.3598317080849163,2.37624220425414
12247,2.0,0.8222195129138083,0.0013655872915611534,9.656160341650625e-05,200,0.819059509773828,0.8254264526150293
12247,inf,0.41235192104219587,0.0006868261167700512,4.856594046641267e-05,200,0.41076318922853394,0.4139511271244278
12412,1.0,2.288309631598273,0.0030564028825595967,0.00021612032042960018,200,2.2800861021282954,2.297297824434282
12412,2.0,0.7847329064064801,0.0010908238871441375,7.713289676798888e-05,200,0.7816291528875204,0.7878011957184154
12412,inf,0.3934849672024576,0.0005486993367641884,3.8798902185851874e-05,200,0.39192849497173826,0.39501465137999386
12578,1.0,2.208530989626218,0.0035972361546709603,0.0002543630078497256,200,2.199570413226728,2.2170621301449924
12578,2.0,0.7473392964471938,0.0012309007056288946,8.703782359174977e-05,200,0.7437589661428889,0.7502054361641165
12578,inf,0.37467020031519366,0.0006166758407980601,4.360556688222241e-05,200,0.37286677183156897,0.3761049680554853
12743,1.0,2.1284949823207513,0.0030783749561057233,0.00021767398064971975,200,2.1196561945776646,2.1359806210721364
12743,2.0,0.7106526719262726,0.0011620310525691515,8.216800372209885e-05,200,0.7074584923237732,0.713358474274571
12743,inf,0.3562190812791162,0.0005839454063418831,4.129117566670795e-05,200,0.35461168746269156,0.35759295436898475
12909,1.0,2.046902386173091,0.0032259082407021596,0.00022810615924860625,200,2.0390837904141885,2.057235638258018
12909,2.0,0.6742072152222894,0.00107323618949089,7.588925874038188e-05,200,0.671189170117577,0.6768192487356399
12909,inf,0.3378976307349906,0.0005385273724585791,3.8079635692003485e-05,200,0.33637576822090626,0.3391988702905576
13074,1.0,1.965191543311947,0.003115647266271103,0.00022030953097656257,200,1.9547812191769787,1.9725716800901103
13074,2.0,0.6384840649871326,0.0010499838763425625,7.424507190983633e-05,200,0.6352455726827995,0.640726189601213
13074,inf,0.3199454356618506,0.0005263849500337472,3.722103676834046e-05,200,0.3183299889739149,0.3210651955848695
13240,1.0,1.8823074108458946,0.0027091615484523004,0.0001915666502240469,200,1.8741883101463876,1.8892987888800956
13240,2.0,0.6029844442357633,0.0008437951278085391,5.966532568055875e-05,200,0.6005586700006416,0.6052934803905888
13240,inf,0.30211143965351717,0.00042293149068322217,2.9905772503944154e-05,200,0.30090248109860096,0.30326907040203754
13405,1.0,1.7985842602439266,0.002897936626641869,0.00020491506401473336,200,1.790774354407592,1.807647197166511
13405,2.0,0.5680977372713987,0.000845037175391109,5.9753151707377904e-05,200,0.565961615250576,0.5702580030532658
13405,inf,0.2845928449878614,0.0004230012698538506,2.9910706636417844e-05,200,0.28352789376379484,0.2856735896444643
13571,1.0,1.713784465306545,0.0027324780265121223,0.00019321537419899565,200,1.7047605044981482,1.7210622832240399
13571,2.0,0.5334881545435262,0.0007871929927861356,5.566295033016094e-05,200,0.5313280102969982,0.5353682586045624
13571,inf,0.26721806274783505,0.0003941236476277871,2.7868750386358558e-05,200,0.2661356178092768,0.2681556494694655
13736,1.0,1.6279947356594417,0.0024687594556237467,0.00017456765521899607,200,1.621568100557792,1.6342386141027923
13736,2.0,0.49925280903434865,0.0007572406227430399,5.354499793315277e-05,200,0.4975569308433003,0.5011802893268444
13736,inf,0.25003664869319914,0.00037924886986583756,2.6816944763946822e-05,200,0.24918993112883478,0.25100507997711347
13902,1.0,1.5409069642534643,0.002627467341851532,0.00018578999747694108,200,1.533296417089677,1.547297857977936
13902,2.0,0.465361305788943,0.0007615115561360274,5.3846998529570524e-05,200,0.46338009924346674,0.4671044060512898
13902,inf,0.23303330201227326,0.00038114634933704265,2.695111682407196e-05,200,0.2320417336374248,0.23390869277793389
14067,1.0,1.4529650367658669,0.0024287601477034322,0.00017173927703167377,200,1.4464655841846674,1.4583407944386224
14067,2.0,0.43195690892957544,0.0006498556130522442,4.5951731078138295e-05,200,0.4301818624877537,0.43338961810148074
14067,inf,0.21627907913367161,0.0003248133935290657,2.29677753184617e-05,200,0.21539089455996688,0.21699567341759454
14233,1.0,1.3637236527602556,0.0022513289374422314,0.00015919299583469065,200,1.3579703362382516,1.3701765496496727
14233,2.0,0.3988613913539214,0.0005756185592930349,4.070237866529358e-05,200,0.397302187115921,0.4003065782895602
14233,inf,0.19968439330143112,0.00028779162905080745,2.0349941247054935e-05,200,0.19890471352896139,0.20040919691618617
14398,1.0,1.2732719125252268,0.002132076183056107,0.0001507605527045304,200,1.2677017812510334,1.2773814119867397
14398,2.0,0.366266817163474,0.0005386507046017514,3.8088356591481026e-05,200,0.3646980589966345,0.36730041358276905
14398,inf,0.1833456986346946,0.00026917786857995053,1.9033749621822432e-05,200,0.18255977221815378,0.1838615469401593
14564,1.0,1.1813446507165395,0.0019380212717030809,0.0001370387983305025,200,1.1754326365583858,1.1866080008090083
14564,2.0,0.33388547432519144,0.00046267980224173893,3.271640256831844e-05,200,0.33246991057324743,0.33498046755560634
14564,inf,0.16711747701343918,0.00023113208195255972,1.634350624984198e-05,200,0.16641058978061224,0.16766462284601974
14729,1.0,1.0882481220601665,0.002059351230173348,0.0001456181219700433,200,1.0821738103711303,1.0931017890957029
14729,2.0,0.3019587154739297,0.00044856139269360186,3.171808025521277e-05,200,0.30084434087282913,0.30312567247662997
14729,inf,0.15112094901269493,0.00022395428431553734,1.583595931152965e-05,200,0.15056459658790433,0.15170475835384545
14895,1.0,0.99296281394901,0.0018648472364311325,0.00013186461267574465,200,0.9877216906814001,0.9979801547805748
14895,2.0,0.27022814415928037,0.00039005922985771603,2.7581352649679324e-05,200,0.26898000690561386,0.27116757024540056
14895,inf,0.1352267762942008,0.00019472486894272663,1.3769127529506373e-05,200,0.1346026514475488,0.1356970486852177
15060,1.0,0.8966639587025628,0.001747150800352561,0.00012354221786847996,200,0.8918263903711635,0.9011283073412092
15060,2.0,0.23905043938985776,0.00036122619779673984,2.5542549400430786e-05,200,0.23809224966627088,0.24015370288725507
15060,inf,0.11961286974588389,0.0001803306437283067,1.2751302103602102e-05,200,0.11913520301055498,0.12016429285865997
15226,1.0,0.7977375634355408,0.0015706194459283057,0.00011105956608793629,200,0.7926210673619243,0.8019057452790789
15226,2.0,0.2079838540441905,0.00030489111904235714,2.1559057779840565e-05,200,0.206989509721226,0.20870134224647327
15226,inf,0.10405795933449902,0.00015216865849339162,1.0759949030473714e-05,200,0.10356157878991931,0.104415815492928
15391,1.0,0.6974500871317477,0.0013924729929733566,9.846270959505881e-05,200,0.6941008523183927,0.701127038666731
15391,2.0,0.17747444923440311,0.00024809620442324857,1.75430508534323e-05,200,0.17676171709195454,0.17803394887686708
15391,inf,0.08878511829462911,0.0001237971720135182,8.75378198224762e-06,200,0.08842909226686152,0.08906351327479144
15557,1.0,0.5933896446124077,0.0013115616736930494,9.274141534127331e-05,200,0.5901288436917992,0.596759437257133
15557,2.0,0.1470059982448097,0.0002049348258750589,1.4491080507753849e-05,200,0.14645805788593233,0.14745055089558493
15557,inf,0.07353599726726047,0.00010222750170808023,7.228575968154289e-06,200,0.07326243815088838,0.07375779198435739
15722,1.0,0.4873131877865792,0.0011960518672863203,8.457363860089896e-05,200,0.4840585941624009,0.48994920721431634
15722,2.0,0.1170899121965007,0.0001616078509123759,1.1427400727312558e-05,200,0.11663643714913874,0.11745966041685406
15722,inf,0.05856600935386819,8.0582851877507e-05,5.69806810099363e-06,200,0.05833980386146124,0.05875053613969729
15888,1.0,0.37669383529998174,0.0011130752284373518,7.870630419988169e-05,200,0.3741346539956347,0.37966344234202204
15888,2.0,0.08728622198421514,0.0001240905590584539,8.774527579146251e-06,200,0.08698401041634994,0.08760550336429758
15888,inf,0.04365502725246824,6.185881898497117e-05,4.374079038046426e-06,200,0.0435041646201848,0.043814162148418205
16053,1.0,0.26162214907689296,0.0008412390368533658,5.948458275578549e-05,200,0.25928015160583484,0.2638538493386607
16053,2.0,0.057956363181574364,7.017606884766391e-05,4.962197415919718e-06,200,0.057743247791819934,0.0581516963127096
16053,inf,0.02898368347239157,3.497561305264973e-05,2.4731493165685347e-06,200,0.028877439491411847,0.029081026181033132
16219,1.0,0.13815872132081014,0.0007671173002386824,5.4243384496428906e-05,200,0.13579329033582876,0.14018854356173233
16219,2.0,0.028748717439301238,4.093342444160109e-05,2.89443019998433e-06,200,0.02861972321094573,0.02885841599143791
16219,inf,0.014375915462969084,2.03957998948112e-05,1.442200841334487e-06,200,0.014311641146685684,0.014430569993835934
16384,1.0,0.0,0.0,0.0,200,-0.0,-0.0
16384,2.0,0.0,0.0,0.0,200,-0.0,-0.0
16384,inf,0.0,0.0,0.0,200,-0.0,-0.0
