m,sample_count,position_mean,position_std,position_sem,qft_mean,qft_std,qft_sem,delta_qft_minus_position
1,100,0.0,0.0,0.0,0.0,0.0,0.0,0.0
166,100,5.8416553250657755,0.06720746247379893,0.006720746247379892,5.859940517059886,0.06111956796042519,0.006111956796042519,0.01828519199411094
332,100,6.068346457040154,0.034657778394978654,0.0034657778394978655,6.0725613885955685,0.030282836762719968,0.003028283676271997,0.004214931555414303
497,100,6.124277582622108,0.023444756016680546,0.0023444756016680547,6.126432188653836,0.019813316165725965,0.0019813316165725966,0.0021546060317279014
663,100,6.142495766569917,0.018994907661120355,0.0018994907661120356,6.143811213540407,0.017717710850420693,0.0017717710850420694,0.0013154469704899086
828,100,6.138219354242359,0.017473710225766333,0.0017473710225766332,6.13891976756645,0.015137871487621336,0.0015137871487621336,0.000700413324090654
994,100,6.129652956019393,0.01521929217777613,0.001521929217777613,6.130130605983261,0.013622872128141495,0.0013622872128141496,0.00047764996386856495
1159,100,6.110449996713457,0.01389882504364024,0.0013898825043640241,6.112494280314,0.011840248534493834,0.0011840248534493833,0.0020442836005436504
1325,100,6.092704108062409,0.010279815875575955,0.0010279815875575955,6.092560834824155,0.009617866976636304,0.0009617866976636304,-0.0001432732382538049
1490,100,6.0629134972802525,0.012329187210176742,0.0012329187210176743,6.063090735719381,0.010207402662177659,0.001020740266217766,0.00017723843912875736
1656,100,6.03554440130007,0.009862771024910726,0.0009862771024910725,6.0355080258653695,0.009201216427163131,0.0009201216427163131,-3.6375434700808285e-05
1821,100,6.005167177728512,0.009445809108135455,0.0009445809108135454,6.005787561068811,0.008481661812614486,0.0008481661812614486,0.0006203833402986803
1987,100,5.973146083268022,0.00951793409154266,0.000951793409154266,5.973179468294055,0.00831333329542402,0.0008313333295424019,3.338502603345006e-05
2152,100,5.94030441948552,0.009982621743845621,0.000998262174384562,5.939078972810716,0.00985422673138809,0.000985422673138809,-0.001225446674804509
2318,100,5.906491709569817,0.008918748990440744,0.0008918748990440744,5.907200265442266,0.007985634606456354,0.0007985634606456354,0.0007085558724488905
2483,100,5.867726850314933,0.009759584557797414,0.0009759584557797414,5.868250432736562,0.008725857886808594,0.0008725857886808594,0.0005235824216285323
2649,100,5.830541272403119,0.009290455311896727,0.0009290455311896726,5.830823122094195,0.008856575823002803,0.0008856575823002803,0.0002818496910759194
2814,100,5.79331925119208,0.009390423501164818,0.0009390423501164818,5.792591011132181,0.008282547095436887,0.0008282547095436887,-0.0007282400598986882
2980,100,5.7505452385480655,0.008742867461810667,0.0008742867461810667,5.750947322042862,0.008418337046241377,0.0008418337046241376,0.00040208349479620153
3145,100,5.710376136377712,0.008220915697818168,0.0008220915697818168,5.709848540813913,0.008231068190630153,0.0008231068190630153,-0.0005275955637991103
3311,100,5.666987741308126,0.008817309250502945,0.0008817309250502946,5.667107547594165,0.008123694726454843,0.0008123694726454843,0.00011980628603946997
3476,100,5.624579244550965,0.007406830254350389,0.000740683025435039,5.624716857545286,0.007655145237256003,0.0007655145237256003,0.00013761299432069052
3642,100,5.580244925501163,0.008948769016120678,0.0008948769016120678,5.579676786984167,0.008166792400392704,0.0008166792400392704,-0.0005681385169964415
3807,100,5.53524957123988,0.009159347861509735,0.0009159347861509735,5.535104777934886,0.008679531190881043,0.0008679531190881043,-0.0001447933049938399
3973,100,5.489394524282688,0.00742760003614895,0.0007427600036148949,5.489718313884346,0.008311098493449232,0.0008311098493449232,0.0003237896016576869
4138,100,5.44240407717528,0.008701970971924853,0.0008701970971924853,5.441659518713676,0.007548698520340109,0.0007548698520340109,-0.0007445584616041501
4304,100,5.394872474015744,0.008227856706193314,0.0008227856706193315,5.394195610014986,0.007920417701112726,0.0007920417701112726,-0.0006768640007583926
4469,100,5.348592451775997,0.008826526857475665,0.0008826526857475664,5.347068613994566,0.007845474585603073,0.0007845474585603073,-0.001523837781431503
4635,100,5.298228090154302,0.007546687070055132,0.0007546687070055132,5.298361912356235,0.006175163936733477,0.0006175163936733477,0.00013382220193314254
4800,100,5.249147031741741,0.007535443328895785,0.0007535443328895785,5.247833945070722,0.008246005886836128,0.0008246005886836128,-0.0013130866710184819
4966,100,5.195296727787357,0.008263329151678269,0.0008263329151678269,5.19530182410864,0.007094611832008149,0.0007094611832008149,5.096321282316296e-06
5131,100,5.14411947208867,0.008053618412136606,0.0008053618412136607,5.145154013215643,0.007371073372508315,0.0007371073372508315,0.0010345411269723215
5297,100,5.094213467601884,0.0071092207655803425,0.0007109220765580342,5.093394710330652,0.0070292352960092735,0.0007029235296009274,-0.0008187572712321511
5462,100,5.0421147400695645,0.0075708426266890855,0.0007570842626689085,5.042760899949769,0.0073661542926123135,0.0007366154292612313,0.0006461598802047774
5627,100,4.989044088442576,0.007712811168603621,0.0007712811168603621,4.98911594270626,0.007211882372677349,0.000721188237267735,7.185426368394587e-05
5793,100,4.934813000125668,0.007816161364257002,0.0007816161364257001,4.934982064268069,0.006600644423478653,0.0006600644423478653,0.000169064142401254
5958,100,4.8808924816746755,0.0068106775640752746,0.0006810677564075275,4.8810219112691335,0.006665036617088299,0.0006665036617088299,0.00012942959445805258
6124,100,4.823443236727254,0.007039856707969844,0.0007039856707969844,4.82453928422673,0.0063722482879786865,0.0006372248287978687,0.001096047499475894
6289,100,4.769630671556891,0.006865608301289239,0.0006865608301289238,4.769843809768343,0.006250932848276706,0.0006250932848276705,0.00021313821145163558
6455,100,4.712282763840941,0.007277677029036228,0.0007277677029036228,4.712867347868861,0.0070900375312486115,0.0007090037531248611,0.0005845840279201653
6620,100,4.656010196496994,0.006617604057061337,0.0006617604057061337,4.6559042535853346,0.006784011978442481,0.0006784011978442481,-0.00010594291165944014
6786,100,4.5989787551938335,0.0065428019665098435,0.0006542801966509844,4.598517518015543,0.006695741694921936,0.0006695741694921935,-0.0004612371782908298
6951,100,4.54132710472567,0.005777804969428641,0.0005777804969428641,4.541109759579845,0.005812268639335793,0.0005812268639335793,-0.00021734514582494313
7117,100,4.480516711487867,0.006151884008175055,0.0006151884008175055,4.481794017808657,0.00532511019009969,0.000532511019009969,0.0012773063207900393
7282,100,4.422979522996867,0.006737592322456791,0.0006737592322456791,4.42230519368413,0.0056909837668672174,0.0005690983766867217,-0.000674329312737143
7448,100,4.36215714649586,0.005768596683129059,0.000576859668312906,4.36166680023684,0.005390204802168616,0.0005390204802168616,-0.0004903462590197805
7613,100,4.302213222084598,0.005901780933194579,0.0005901780933194579,4.301824149609803,0.005381801773454409,0.0005381801773454409,-0.000389072474795249
7779,100,4.241377035015708,0.006158285594328632,0.0006158285594328632,4.241406048318981,0.005739020503997685,0.0005739020503997685,2.9013303273650592e-05
7944,100,4.178795458658114,0.005458920933034763,0.0005458920933034764,4.178612382893832,0.005150371799417929,0.0005150371799417929,-0.00018307576428178152
8110,100,4.116402734125362,0.005773910959599718,0.0005773910959599719,4.116745319162726,0.005526599072541806,0.0005526599072541806,0.00034258503736417367
8275,100,4.054144417378436,0.005730887776902867,0.0005730887776902868,4.05365652686883,0.005806817696383371,0.0005806817696383371,-0.0004878905096061814
8441,100,3.9919048020558083,0.005649554139604988,0.0005649554139604988,3.9914199309311154,0.005182380623596614,0.0005182380623596613,-0.000484871124692976
8606,100,3.927286299157725,0.005157746449894864,0.0005157746449894864,3.9275300262567776,0.004837789029932639,0.0004837789029932639,0.00024372709905273737
8772,100,3.8636087130828525,0.005009125190931379,0.0005009125190931379,3.8630801886924524,0.004884305507366273,0.0004884305507366273,-0.0005285243904000758
8937,100,3.7976164733901983,0.005269373290426749,0.0005269373290426749,3.797315390799097,0.004716073079458233,0.0004716073079458233,-0.0003010825911013981
9103,100,3.731462208136622,0.006063522057836654,0.0006063522057836654,3.731938432656313,0.0054541119438767886,0.0005454111943876789,0.00047622451969075996
9268,100,3.6660760025710095,0.005965346705954648,0.0005965346705954648,3.6659598700016285,0.004897436268887688,0.0004897436268887688,-0.00011613256938103333
9434,100,3.599130136308892,0.005512300813942187,0.0005512300813942186,3.599000092545541,0.00527101756490584,0.000527101756490584,-0.00013004376335068457
9599,100,3.531491134876974,0.0054889908745332176,0.0005488990874533218,3.5316002699799918,0.004835645857701015,0.0004835645857701015,0.00010913510301779894
9765,100,3.463445832845147,0.005198987198146105,0.0005198987198146105,3.4634943900820527,0.005042644008950662,0.0005042644008950662,4.8557236905555357e-05
9930,100,3.393749793831068,0.005143292124557963,0.0005143292124557962,3.3941118229766754,0.004507559801283663,0.00045075598012836633,0.0003620291456072344
10096,100,3.3266761547912527,0.004042027180751416,0.00040420271807514155,3.3268643935819178,0.003825937324700769,0.0003825937324700769,0.0001882387906650962
10261,100,3.255652632007042,0.004923130023091602,0.0004923130023091602,3.2561301850998716,0.004082153262970827,0.00040821532629708274,0.00047755309282981884
10427,100,3.1846896822579662,0.004784899338000794,0.0004784899338000794,3.184833603159952,0.004737027630628319,0.0004737027630628319,0.00014392090198578344
10592,100,3.1143336844109006,0.004419051230885348,0.00044190512308853484,3.1143898248161763,0.0040518978453362095,0.00040518978453362093,5.61404052756842e-05
10758,100,3.0427815577057764,0.005125140124847902,0.0005125140124847903,3.0422559395833058,0.004287537145129465,0.0004287537145129465,-0.0005256181224706502
10923,100,2.969994172630844,0.004109537983092269,0.0004109537983092269,2.970152378407635,0.0035805717698719295,0.00035805717698719297,0.00015820577679104275
11088,100,2.8970356034263203,0.003756568673750583,0.0003756568673750583,2.8972681388568686,0.0035574774546576816,0.00035574774546576817,0.0002325354305483529
11254,100,2.8229682269469105,0.0037748995310273514,0.00037748995310273514,2.822835326293486,0.003586136706664182,0.0003586136706664182,-0.00013290065342452806
11419,100,2.7494562877411495,0.0036822660466875046,0.00036822660466875044,2.7496333095455423,0.0034114070594246097,0.000341140705942461,0.00017702180439282955
11585,100,2.673749923158229,0.003779863929074404,0.0003779863929074404,2.674013338636863,0.003404929506945752,0.0003404929506945752,0.0002634154786340659
11750,100,2.5977324338992043,0.004059707124997448,0.0004059707124997448,2.5978453790581555,0.003859637475994151,0.0003859637475994151,0.00011294515895121648
11916,100,2.5215016017635903,0.0038442191886921156,0.00038442191886921154,2.521853593683027,0.003699706678503496,0.00036997066785034963,0.00035199191943657837
12081,100,2.4446243546703808,0.003147830144329159,0.0003147830144329159,2.444910348964947,0.003047482991902108,0.0003047482991902108,0.00028599429456610537
12247,100,2.3668781593914083,0.0032926224140730374,0.00032926224140730374,2.3670255452046565,0.002825351299403164,0.0002825351299403164,0.00014738581324813538
12412,100,2.2882545926599898,0.0029680808553175374,0.00029680808553175374,2.2882767487160782,0.002927534190529417,0.00029275341905294174,2.2156056088462606e-05
12578,100,2.2084527883029215,0.0039207212389144675,0.0003920721238914467,2.20850148013575,0.0033364365619181153,0.0003336436561918115,4.8691832828406945e-05
12743,100,2.128606620448525,0.0032184084905462203,0.000321840849054622,2.1284224194297137,0.0028303794500286277,0.0002830379450028628,-0.00018420101881133633
12909,100,2.046719373725334,0.0033978296922563883,0.00033978296922563883,2.046911812837826,0.0027740970750572995,0.00027740970750572995,0.00019243911249189338
13074,100,1.9654652892165134,0.00283847734048494,0.000283847734048494,1.9655059562982276,0.0027515145109255324,0.00027515145109255324,4.0667081714129694e-05
13240,100,1.882385030582206,0.002593807942238856,0.0002593807942238856,1.8820498266785257,0.0023514952826597124,0.00023514952826597123,-0.0003352039036803589
13405,100,1.7983789267144816,0.0028606532648143617,0.0002860653264814362,1.7985871395668593,0.0024618218093997225,0.00024618218093997227,0.00020821285237770937
13571,100,1.7139393527055395,0.0026877336468320435,0.00026877336468320435,1.7137605144551096,0.002392454217891123,0.0002392454217891123,-0.00017883825042996904
13736,100,1.6280579871959626,0.0023866096455104017,0.00023866096455104016,1.6279917234249828,0.0023628778744476894,0.00023628778744476893,-6.626377097984637e-05
13902,100,1.5408489518379778,0.0025356527363324553,0.00025356527363324554,1.5410340089208756,0.002294377641660905,0.00022943776416609052,0.00018505708289784373
14067,100,1.4528975538660105,0.0025525890615402036,0.0002552589061540204,1.4529933631670746,0.0023868928043657327,0.00023868928043657326,9.580930106412033e-05
14233,100,1.363703592489579,0.002192211277675213,0.0002192211277675213,1.3636672063644266,0.0019275198272986926,0.00019275198272986925,-3.638612515244333e-05
14398,100,1.2732601829685184,0.002085474116035731,0.0002085474116035731,1.273241909795478,0.0020056823689201934,0.00020056823689201933,-1.8273173040483925e-05
14564,100,1.1810513190062681,0.0019674562987374556,0.00019674562987374557,1.181103346630864,0.0019315042125719881,0.0001931504212571988,5.202762459588506e-05
14729,100,1.0884809151499042,0.002065629209910872,0.0002065629209910872,1.0882886242230285,0.0018270194963596845,0.00018270194963596845,-0.00019229092687567118
14895,100,0.9929286574502243,0.0018065956139742343,0.00018065956139742343,0.9930140955576637,0.00154657099647941,0.000154657099647941,8.543810743943947e-05
15060,100,0.8964515649564597,0.001656227446091154,0.0001656227446091154,0.8965347664587552,0.0016027234161735465,0.00016027234161735464,8.32015022954602e-05
15226,100,0.7975670492426481,0.0015624947281547685,0.00015624947281547684,0.7976017281568191,0.0012939319486531123,0.00012939319486531122,3.467891417097135e-05
15391,100,0.6974082699348962,0.0013553027507086958,0.0001355302750708696,0.6973086006644238,0.001279617794864649,0.0001279617794864649,-9.966927047244667e-05
15557,100,0.5933329270587867,0.0013085641764255388,0.0001308564176425539,0.5933779916733437,0.0011583764634918623,0.00011583764634918623,4.506461455699995e-05
15722,100,0.4873961594496526,0.001269586349705775,0.00012695863497057751,0.48750228641901105,0.0011359992926414095,0.00011359992926414096,0.00010612696935846655
15888,100,0.3767775046303769,0.001176048039723529,0.0001176048039723529,0.3768459412054916,0.0009977932599362156,9.977932599362156e-05,6.843657511468315e-05
16053,100,0.26158332594430445,0.0008203805534758494,8.203805534758493e-05,0.26176620334869094,0.0007912197102441007,7.912197102441008e-05,0.00018287740438649447
16219,100,0.13825834724322117,0.0007668801733745172,7.668801733745171e-05,0.13830899936046953,0.000679598888417413,6.79598888417413e-05,5.065211724836205e-05
16384,100,0.0,0.0,0.0,0.0,0.0,0.0,0.0
